traffic,queue_depth,hit_probability_per_cycle,stall_cycles_per_1024,seeds,offered_hits,drops,drop_probability,occupancy_max_max,occupancy_end_max
single_bin_hotspot,1,0.10,0,4,1636,0,0,1,0
single_bin_hotspot,2,0.10,0,4,1636,0,0,1,0
single_bin_hotspot,4,0.10,0,4,1636,0,0,1,0
single_bin_hotspot,8,0.10,0,4,1636,0,0,1,0
single_bin_hotspot,16,0.10,0,4,1636,0,0,1,0
single_bin_hotspot,32,0.10,0,4,1636,0,0,1,0
single_bin_hotspot,64,0.10,0,4,1636,0,0,1,0
single_bin_hotspot,96,0.10,0,4,1636,0,0,1,0
single_bin_hotspot,128,0.10,0,4,1636,0,0,1,0
single_bin_hotspot,144,0.10,0,4,1636,0,0,1,0
single_bin_hotspot,160,0.10,0,4,1636,0,0,1,0
single_bin_hotspot,192,0.10,0,4,1636,0,0,1,0
single_bin_hotspot,224,0.10,0,4,1636,0,0,1,0
single_bin_hotspot,240,0.10,0,4,1636,0,0,1,0
single_bin_hotspot,248,0.10,0,4,1636,0,0,1,0
single_bin_hotspot,256,0.10,0,4,1636,0,0,1,0
single_bin_hotspot,1,0.25,0,4,4096,0,0,1,1
single_bin_hotspot,2,0.25,0,4,4096,0,0,1,1
single_bin_hotspot,4,0.25,0,4,4096,0,0,1,1
single_bin_hotspot,8,0.25,0,4,4096,0,0,1,1
single_bin_hotspot,16,0.25,0,4,4096,0,0,1,1
single_bin_hotspot,32,0.25,0,4,4096,0,0,1,1
single_bin_hotspot,64,0.25,0,4,4096,0,0,1,1
single_bin_hotspot,96,0.25,0,4,4096,0,0,1,1
single_bin_hotspot,128,0.25,0,4,4096,0,0,1,1
single_bin_hotspot,144,0.25,0,4,4096,0,0,1,1
single_bin_hotspot,160,0.25,0,4,4096,0,0,1,1
single_bin_hotspot,192,0.25,0,4,4096,0,0,1,1
single_bin_hotspot,224,0.25,0,4,4096,0,0,1,1
single_bin_hotspot,240,0.25,0,4,4096,0,0,1,1
single_bin_hotspot,248,0.25,0,4,4096,0,0,1,1
single_bin_hotspot,256,0.25,0,4,4096,0,0,1,1
single_bin_hotspot,1,0.50,0,4,8192,0,0,1,1
single_bin_hotspot,2,0.50,0,4,8192,0,0,1,1
single_bin_hotspot,4,0.50,0,4,8192,0,0,1,1
single_bin_hotspot,8,0.50,0,4,8192,0,0,1,1
single_bin_hotspot,16,0.50,0,4,8192,0,0,1,1
single_bin_hotspot,32,0.50,0,4,8192,0,0,1,1
single_bin_hotspot,64,0.50,0,4,8192,0,0,1,1
single_bin_hotspot,96,0.50,0,4,8192,0,0,1,1
single_bin_hotspot,128,0.50,0,4,8192,0,0,1,1
single_bin_hotspot,144,0.50,0,4,8192,0,0,1,1
single_bin_hotspot,160,0.50,0,4,8192,0,0,1,1
single_bin_hotspot,192,0.50,0,4,8192,0,0,1,1
single_bin_hotspot,224,0.50,0,4,8192,0,0,1,1
single_bin_hotspot,240,0.50,0,4,8192,0,0,1,1
single_bin_hotspot,248,0.50,0,4,8192,0,0,1,1
single_bin_hotspot,256,0.50,0,4,8192,0,0,1,1
single_bin_hotspot,1,0.75,0,4,12288,0,0,1,1
single_bin_hotspot,2,0.75,0,4,12288,0,0,1,1
single_bin_hotspot,4,0.75,0,4,12288,0,0,1,1
single_bin_hotspot,8,0.75,0,4,12288,0,0,1,1
single_bin_hotspot,16,0.75,0,4,12288,0,0,1,1
single_bin_hotspot,32,0.75,0,4,12288,0,0,1,1
single_bin_hotspot,64,0.75,0,4,12288,0,0,1,1
single_bin_hotspot,96,0.75,0,4,12288,0,0,1,1
single_bin_hotspot,128,0.75,0,4,12288,0,0,1,1
single_bin_hotspot,144,0.75,0,4,12288,0,0,1,1
single_bin_hotspot,160,0.75,0,4,12288,0,0,1,1
single_bin_hotspot,192,0.75,0,4,12288,0,0,1,1
single_bin_hotspot,224,0.75,0,4,12288,0,0,1,1
single_bin_hotspot,240,0.75,0,4,12288,0,0,1,1
single_bin_hotspot,248,0.75,0,4,12288,0,0,1,1
single_bin_hotspot,256,0.75,0,4,12288,0,0,1,1
single_bin_hotspot,1,1.00,0,4,16384,0,0,1,1
single_bin_hotspot,2,1.00,0,4,16384,0,0,1,1
single_bin_hotspot,4,1.00,0,4,16384,0,0,1,1
single_bin_hotspot,8,1.00,0,4,16384,0,0,1,1
single_bin_hotspot,16,1.00,0,4,16384,0,0,1,1
single_bin_hotspot,32,1.00,0,4,16384,0,0,1,1
single_bin_hotspot,64,1.00,0,4,16384,0,0,1,1
single_bin_hotspot,96,1.00,0,4,16384,0,0,1,1
single_bin_hotspot,128,1.00,0,4,16384,0,0,1,1
single_bin_hotspot,144,1.00,0,4,16384,0,0,1,1
single_bin_hotspot,160,1.00,0,4,16384,0,0,1,1
single_bin_hotspot,192,1.00,0,4,16384,0,0,1,1
single_bin_hotspot,224,1.00,0,4,16384,0,0,1,1
single_bin_hotspot,240,1.00,0,4,16384,0,0,1,1
single_bin_hotspot,248,1.00,0,4,16384,0,0,1,1
single_bin_hotspot,256,1.00,0,4,16384,0,0,1,1
single_bin_hotspot,1,0.10,64,4,1636,0,0,1,0
single_bin_hotspot,2,0.10,64,4,1636,0,0,1,0
single_bin_hotspot,4,0.10,64,4,1636,0,0,1,0
single_bin_hotspot,8,0.10,64,4,1636,0,0,1,0
single_bin_hotspot,16,0.10,64,4,1636,0,0,1,0
single_bin_hotspot,32,0.10,64,4,1636,0,0,1,0
single_bin_hotspot,64,0.10,64,4,1636,0,0,1,0
single_bin_hotspot,96,0.10,64,4,1636,0,0,1,0
single_bin_hotspot,128,0.10,64,4,1636,0,0,1,0
single_bin_hotspot,144,0.10,64,4,1636,0,0,1,0
single_bin_hotspot,160,0.10,64,4,1636,0,0,1,0
single_bin_hotspot,192,0.10,64,4,1636,0,0,1,0
single_bin_hotspot,224,0.10,64,4,1636,0,0,1,0
single_bin_hotspot,240,0.10,64,4,1636,0,0,1,0
single_bin_hotspot,248,0.10,64,4,1636,0,0,1,0
single_bin_hotspot,256,0.10,64,4,1636,0,0,1,0
single_bin_hotspot,1,0.25,64,4,4096,0,0,1,1
single_bin_hotspot,2,0.25,64,4,4096,0,0,1,1
single_bin_hotspot,4,0.25,64,4,4096,0,0,1,1
single_bin_hotspot,8,0.25,64,4,4096,0,0,1,1
single_bin_hotspot,16,0.25,64,4,4096,0,0,1,1
single_bin_hotspot,32,0.25,64,4,4096,0,0,1,1
single_bin_hotspot,64,0.25,64,4,4096,0,0,1,1
single_bin_hotspot,96,0.25,64,4,4096,0,0,1,1
single_bin_hotspot,128,0.25,64,4,4096,0,0,1,1
single_bin_hotspot,144,0.25,64,4,4096,0,0,1,1
single_bin_hotspot,160,0.25,64,4,4096,0,0,1,1
single_bin_hotspot,192,0.25,64,4,4096,0,0,1,1
single_bin_hotspot,224,0.25,64,4,4096,0,0,1,1
single_bin_hotspot,240,0.25,64,4,4096,0,0,1,1
single_bin_hotspot,248,0.25,64,4,4096,0,0,1,1
single_bin_hotspot,256,0.25,64,4,4096,0,0,1,1
single_bin_hotspot,1,0.50,64,4,8192,0,0,1,1
single_bin_hotspot,2,0.50,64,4,8192,0,0,1,1
single_bin_hotspot,4,0.50,64,4,8192,0,0,1,1
single_bin_hotspot,8,0.50,64,4,8192,0,0,1,1
single_bin_hotspot,16,0.50,64,4,8192,0,0,1,1
single_bin_hotspot,32,0.50,64,4,8192,0,0,1,1
single_bin_hotspot,64,0.50,64,4,8192,0,0,1,1
single_bin_hotspot,96,0.50,64,4,8192,0,0,1,1
single_bin_hotspot,128,0.50,64,4,8192,0,0,1,1
single_bin_hotspot,144,0.50,64,4,8192,0,0,1,1
single_bin_hotspot,160,0.50,64,4,8192,0,0,1,1
single_bin_hotspot,192,0.50,64,4,8192,0,0,1,1
single_bin_hotspot,224,0.50,64,4,8192,0,0,1,1
single_bin_hotspot,240,0.50,64,4,8192,0,0,1,1
single_bin_hotspot,248,0.50,64,4,8192,0,0,1,1
single_bin_hotspot,256,0.50,64,4,8192,0,0,1,1
single_bin_hotspot,1,0.75,64,4,12288,0,0,1,1
single_bin_hotspot,2,0.75,64,4,12288,0,0,1,1
single_bin_hotspot,4,0.75,64,4,12288,0,0,1,1
single_bin_hotspot,8,0.75,64,4,12288,0,0,1,1
single_bin_hotspot,16,0.75,64,4,12288,0,0,1,1
single_bin_hotspot,32,0.75,64,4,12288,0,0,1,1
single_bin_hotspot,64,0.75,64,4,12288,0,0,1,1
single_bin_hotspot,96,0.75,64,4,12288,0,0,1,1
single_bin_hotspot,128,0.75,64,4,12288,0,0,1,1
single_bin_hotspot,144,0.75,64,4,12288,0,0,1,1
single_bin_hotspot,160,0.75,64,4,12288,0,0,1,1
single_bin_hotspot,192,0.75,64,4,12288,0,0,1,1
single_bin_hotspot,224,0.75,64,4,12288,0,0,1,1
single_bin_hotspot,240,0.75,64,4,12288,0,0,1,1
single_bin_hotspot,248,0.75,64,4,12288,0,0,1,1
single_bin_hotspot,256,0.75,64,4,12288,0,0,1,1
single_bin_hotspot,1,1.00,64,4,16384,0,0,1,1
single_bin_hotspot,2,1.00,64,4,16384,0,0,1,1
single_bin_hotspot,4,1.00,64,4,16384,0,0,1,1
single_bin_hotspot,8,1.00,64,4,16384,0,0,1,1
single_bin_hotspot,16,1.00,64,4,16384,0,0,1,1
single_bin_hotspot,32,1.00,64,4,16384,0,0,1,1
single_bin_hotspot,64,1.00,64,4,16384,0,0,1,1
single_bin_hotspot,96,1.00,64,4,16384,0,0,1,1
single_bin_hotspot,128,1.00,64,4,16384,0,0,1,1
single_bin_hotspot,144,1.00,64,4,16384,0,0,1,1
single_bin_hotspot,160,1.00,64,4,16384,0,0,1,1
single_bin_hotspot,192,1.00,64,4,16384,0,0,1,1
single_bin_hotspot,224,1.00,64,4,16384,0,0,1,1
single_bin_hotspot,240,1.00,64,4,16384,0,0,1,1
single_bin_hotspot,248,1.00,64,4,16384,0,0,1,1
single_bin_hotspot,256,1.00,64,4,16384,0,0,1,1
single_bin_hotspot,1,0.10,128,4,1636,0,0,1,0
single_bin_hotspot,2,0.10,128,4,1636,0,0,1,0
single_bin_hotspot,4,0.10,128,4,1636,0,0,1,0
single_bin_hotspot,8,0.10,128,4,1636,0,0,1,0
single_bin_hotspot,16,0.10,128,4,1636,0,0,1,0
single_bin_hotspot,32,0.10,128,4,1636,0,0,1,0
single_bin_hotspot,64,0.10,128,4,1636,0,0,1,0
single_bin_hotspot,96,0.10,128,4,1636,0,0,1,0
single_bin_hotspot,128,0.10,128,4,1636,0,0,1,0
single_bin_hotspot,144,0.10,128,4,1636,0,0,1,0
single_bin_hotspot,160,0.10,128,4,1636,0,0,1,0
single_bin_hotspot,192,0.10,128,4,1636,0,0,1,0
single_bin_hotspot,224,0.10,128,4,1636,0,0,1,0
single_bin_hotspot,240,0.10,128,4,1636,0,0,1,0
single_bin_hotspot,248,0.10,128,4,1636,0,0,1,0
single_bin_hotspot,256,0.10,128,4,1636,0,0,1,0
single_bin_hotspot,1,0.25,128,4,4096,0,0,1,1
single_bin_hotspot,2,0.25,128,4,4096,0,0,1,1
single_bin_hotspot,4,0.25,128,4,4096,0,0,1,1
single_bin_hotspot,8,0.25,128,4,4096,0,0,1,1
single_bin_hotspot,16,0.25,128,4,4096,0,0,1,1
single_bin_hotspot,32,0.25,128,4,4096,0,0,1,1
single_bin_hotspot,64,0.25,128,4,4096,0,0,1,1
single_bin_hotspot,96,0.25,128,4,4096,0,0,1,1
single_bin_hotspot,128,0.25,128,4,4096,0,0,1,1
single_bin_hotspot,144,0.25,128,4,4096,0,0,1,1
single_bin_hotspot,160,0.25,128,4,4096,0,0,1,1
single_bin_hotspot,192,0.25,128,4,4096,0,0,1,1
single_bin_hotspot,224,0.25,128,4,4096,0,0,1,1
single_bin_hotspot,240,0.25,128,4,4096,0,0,1,1
single_bin_hotspot,248,0.25,128,4,4096,0,0,1,1
single_bin_hotspot,256,0.25,128,4,4096,0,0,1,1
single_bin_hotspot,1,0.50,128,4,8192,0,0,1,1
single_bin_hotspot,2,0.50,128,4,8192,0,0,1,1
single_bin_hotspot,4,0.50,128,4,8192,0,0,1,1
single_bin_hotspot,8,0.50,128,4,8192,0,0,1,1
single_bin_hotspot,16,0.50,128,4,8192,0,0,1,1
single_bin_hotspot,32,0.50,128,4,8192,0,0,1,1
single_bin_hotspot,64,0.50,128,4,8192,0,0,1,1
single_bin_hotspot,96,0.50,128,4,8192,0,0,1,1
single_bin_hotspot,128,0.50,128,4,8192,0,0,1,1
single_bin_hotspot,144,0.50,128,4,8192,0,0,1,1
single_bin_hotspot,160,0.50,128,4,8192,0,0,1,1
single_bin_hotspot,192,0.50,128,4,8192,0,0,1,1
single_bin_hotspot,224,0.50,128,4,8192,0,0,1,1
single_bin_hotspot,240,0.50,128,4,8192,0,0,1,1
single_bin_hotspot,248,0.50,128,4,8192,0,0,1,1
single_bin_hotspot,256,0.50,128,4,8192,0,0,1,1
single_bin_hotspot,1,0.75,128,4,12288,0,0,1,1
single_bin_hotspot,2,0.75,128,4,12288,0,0,1,1
single_bin_hotspot,4,0.75,128,4,12288,0,0,1,1
single_bin_hotspot,8,0.75,128,4,12288,0,0,1,1
single_bin_hotspot,16,0.75,128,4,12288,0,0,1,1
single_bin_hotspot,32,0.75,128,4,12288,0,0,1,1
single_bin_hotspot,64,0.75,128,4,12288,0,0,1,1
single_bin_hotspot,96,0.75,128,4,12288,0,0,1,1
single_bin_hotspot,128,0.75,128,4,12288,0,0,1,1
single_bin_hotspot,144,0.75,128,4,12288,0,0,1,1
single_bin_hotspot,160,0.75,128,4,12288,0,0,1,1
single_bin_hotspot,192,0.75,128,4,12288,0,0,1,1
single_bin_hotspot,224,0.75,128,4,12288,0,0,1,1
single_bin_hotspot,240,0.75,128,4,12288,0,0,1,1
single_bin_hotspot,248,0.75,128,4,12288,0,0,1,1
single_bin_hotspot,256,0.75,128,4,12288,0,0,1,1
single_bin_hotspot,1,1.00,128,4,16384,0,0,1,1
single_bin_hotspot,2,1.00,128,4,16384,0,0,1,1
single_bin_hotspot,4,1.00,128,4,16384,0,0,1,1
single_bin_hotspot,8,1.00,128,4,16384,0,0,1,1
single_bin_hotspot,16,1.00,128,4,16384,0,0,1,1
single_bin_hotspot,32,1.00,128,4,16384,0,0,1,1
single_bin_hotspot,64,1.00,128,4,16384,0,0,1,1
single_bin_hotspot,96,1.00,128,4,16384,0,0,1,1
single_bin_hotspot,128,1.00,128,4,16384,0,0,1,1
single_bin_hotspot,144,1.00,128,4,16384,0,0,1,1
single_bin_hotspot,160,1.00,128,4,16384,0,0,1,1
single_bin_hotspot,192,1.00,128,4,16384,0,0,1,1
single_bin_hotspot,224,1.00,128,4,16384,0,0,1,1
single_bin_hotspot,240,1.00,128,4,16384,0,0,1,1
single_bin_hotspot,248,1.00,128,4,16384,0,0,1,1
single_bin_hotspot,256,1.00,128,4,16384,0,0,1,1
single_bin_hotspot,1,0.10,256,4,1636,0,0,1,0
single_bin_hotspot,2,0.10,256,4,1636,0,0,1,0
single_bin_hotspot,4,0.10,256,4,1636,0,0,1,0
single_bin_hotspot,8,0.10,256,4,1636,0,0,1,0
single_bin_hotspot,16,0.10,256,4,1636,0,0,1,0
single_bin_hotspot,32,0.10,256,4,1636,0,0,1,0
single_bin_hotspot,64,0.10,256,4,1636,0,0,1,0
single_bin_hotspot,96,0.10,256,4,1636,0,0,1,0
single_bin_hotspot,128,0.10,256,4,1636,0,0,1,0
single_bin_hotspot,144,0.10,256,4,1636,0,0,1,0
single_bin_hotspot,160,0.10,256,4,1636,0,0,1,0
single_bin_hotspot,192,0.10,256,4,1636,0,0,1,0
single_bin_hotspot,224,0.10,256,4,1636,0,0,1,0
single_bin_hotspot,240,0.10,256,4,1636,0,0,1,0
single_bin_hotspot,248,0.10,256,4,1636,0,0,1,0
single_bin_hotspot,256,0.10,256,4,1636,0,0,1,0
single_bin_hotspot,1,0.25,256,4,4096,0,0,1,1
single_bin_hotspot,2,0.25,256,4,4096,0,0,1,1
single_bin_hotspot,4,0.25,256,4,4096,0,0,1,1
single_bin_hotspot,8,0.25,256,4,4096,0,0,1,1
single_bin_hotspot,16,0.25,256,4,4096,0,0,1,1
single_bin_hotspot,32,0.25,256,4,4096,0,0,1,1
single_bin_hotspot,64,0.25,256,4,4096,0,0,1,1
single_bin_hotspot,96,0.25,256,4,4096,0,0,1,1
single_bin_hotspot,128,0.25,256,4,4096,0,0,1,1
single_bin_hotspot,144,0.25,256,4,4096,0,0,1,1
single_bin_hotspot,160,0.25,256,4,4096,0,0,1,1
single_bin_hotspot,192,0.25,256,4,4096,0,0,1,1
single_bin_hotspot,224,0.25,256,4,4096,0,0,1,1
single_bin_hotspot,240,0.25,256,4,4096,0,0,1,1
single_bin_hotspot,248,0.25,256,4,4096,0,0,1,1
single_bin_hotspot,256,0.25,256,4,4096,0,0,1,1
single_bin_hotspot,1,0.50,256,4,8192,0,0,1,1
single_bin_hotspot,2,0.50,256,4,8192,0,0,1,1
single_bin_hotspot,4,0.50,256,4,8192,0,0,1,1
single_bin_hotspot,8,0.50,256,4,8192,0,0,1,1
single_bin_hotspot,16,0.50,256,4,8192,0,0,1,1
single_bin_hotspot,32,0.50,256,4,8192,0,0,1,1
single_bin_hotspot,64,0.50,256,4,8192,0,0,1,1
single_bin_hotspot,96,0.50,256,4,8192,0,0,1,1
single_bin_hotspot,128,0.50,256,4,8192,0,0,1,1
single_bin_hotspot,144,0.50,256,4,8192,0,0,1,1
single_bin_hotspot,160,0.50,256,4,8192,0,0,1,1
single_bin_hotspot,192,0.50,256,4,8192,0,0,1,1
single_bin_hotspot,224,0.50,256,4,8192,0,0,1,1
single_bin_hotspot,240,0.50,256,4,8192,0,0,1,1
single_bin_hotspot,248,0.50,256,4,8192,0,0,1,1
single_bin_hotspot,256,0.50,256,4,8192,0,0,1,1
single_bin_hotspot,1,0.75,256,4,12288,0,0,1,1
single_bin_hotspot,2,0.75,256,4,12288,0,0,1,1
single_bin_hotspot,4,0.75,256,4,12288,0,0,1,1
single_bin_hotspot,8,0.75,256,4,12288,0,0,1,1
single_bin_hotspot,16,0.75,256,4,12288,0,0,1,1
single_bin_hotspot,32,0.75,256,4,12288,0,0,1,1
single_bin_hotspot,64,0.75,256,4,12288,0,0,1,1
single_bin_hotspot,96,0.75,256,4,12288,0,0,1,1
single_bin_hotspot,128,0.75,256,4,12288,0,0,1,1
single_bin_hotspot,144,0.75,256,4,12288,0,0,1,1
single_bin_hotspot,160,0.75,256,4,12288,0,0,1,1
single_bin_hotspot,192,0.75,256,4,12288,0,0,1,1
single_bin_hotspot,224,0.75,256,4,12288,0,0,1,1
single_bin_hotspot,240,0.75,256,4,12288,0,0,1,1
single_bin_hotspot,248,0.75,256,4,12288,0,0,1,1
single_bin_hotspot,256,0.75,256,4,12288,0,0,1,1
single_bin_hotspot,1,1.00,256,4,16384,40,0.00244140625,1,1
single_bin_hotspot,2,1.00,256,4,16384,40,0.00244140625,1,1
single_bin_hotspot,4,1.00,256,4,16384,40,0.00244140625,1,1
single_bin_hotspot,8,1.00,256,4,16384,40,0.00244140625,1,1
single_bin_hotspot,16,1.00,256,4,16384,40,0.00244140625,1,1
single_bin_hotspot,32,1.00,256,4,16384,40,0.00244140625,1,1
single_bin_hotspot,64,1.00,256,4,16384,40,0.00244140625,1,1
single_bin_hotspot,96,1.00,256,4,16384,40,0.00244140625,1,1
single_bin_hotspot,128,1.00,256,4,16384,40,0.00244140625,1,1
single_bin_hotspot,144,1.00,256,4,16384,40,0.00244140625,1,1
single_bin_hotspot,160,1.00,256,4,16384,40,0.00244140625,1,1
single_bin_hotspot,192,1.00,256,4,16384,40,0.00244140625,1,1
single_bin_hotspot,224,1.00,256,4,16384,40,0.00244140625,1,1
single_bin_hotspot,240,1.00,256,4,16384,40,0.00244140625,1,1
single_bin_hotspot,248,1.00,256,4,16384,40,0.00244140625,1,1
single_bin_hotspot,256,1.00,256,4,16384,40,0.00244140625,1,1
cluster8_local,1,0.10,0,4,1636,0,0,1,0
cluster8_local,2,0.10,0,4,1636,0,0,1,0
cluster8_local,4,0.10,0,4,1636,0,0,1,0
cluster8_local,8,0.10,0,4,1636,0,0,1,0
cluster8_local,16,0.10,0,4,1636,0,0,1,0
cluster8_local,32,0.10,0,4,1636,0,0,1,0
cluster8_local,64,0.10,0,4,1636,0,0,1,0
cluster8_local,96,0.10,0,4,1636,0,0,1,0
cluster8_local,128,0.10,0,4,1636,0,0,1,0
cluster8_local,144,0.10,0,4,1636,0,0,1,0
cluster8_local,160,0.10,0,4,1636,0,0,1,0
cluster8_local,192,0.10,0,4,1636,0,0,1,0
cluster8_local,224,0.10,0,4,1636,0,0,1,0
cluster8_local,240,0.10,0,4,1636,0,0,1,0
cluster8_local,248,0.10,0,4,1636,0,0,1,0
cluster8_local,256,0.10,0,4,1636,0,0,1,0
cluster8_local,1,0.25,0,4,4096,0,0,1,1
cluster8_local,2,0.25,0,4,4096,0,0,1,1
cluster8_local,4,0.25,0,4,4096,0,0,1,1
cluster8_local,8,0.25,0,4,4096,0,0,1,1
cluster8_local,16,0.25,0,4,4096,0,0,1,1
cluster8_local,32,0.25,0,4,4096,0,0,1,1
cluster8_local,64,0.25,0,4,4096,0,0,1,1
cluster8_local,96,0.25,0,4,4096,0,0,1,1
cluster8_local,128,0.25,0,4,4096,0,0,1,1
cluster8_local,144,0.25,0,4,4096,0,0,1,1
cluster8_local,160,0.25,0,4,4096,0,0,1,1
cluster8_local,192,0.25,0,4,4096,0,0,1,1
cluster8_local,224,0.25,0,4,4096,0,0,1,1
cluster8_local,240,0.25,0,4,4096,0,0,1,1
cluster8_local,248,0.25,0,4,4096,0,0,1,1
cluster8_local,256,0.25,0,4,4096,0,0,1,1
cluster8_local,1,0.50,0,4,8192,0,0,1,1
cluster8_local,2,0.50,0,4,8192,0,0,1,1
cluster8_local,4,0.50,0,4,8192,0,0,1,1
cluster8_local,8,0.50,0,4,8192,0,0,1,1
cluster8_local,16,0.50,0,4,8192,0,0,1,1
cluster8_local,32,0.50,0,4,8192,0,0,1,1
cluster8_local,64,0.50,0,4,8192,0,0,1,1
cluster8_local,96,0.50,0,4,8192,0,0,1,1
cluster8_local,128,0.50,0,4,8192,0,0,1,1
cluster8_local,144,0.50,0,4,8192,0,0,1,1
cluster8_local,160,0.50,0,4,8192,0,0,1,1
cluster8_local,192,0.50,0,4,8192,0,0,1,1
cluster8_local,224,0.50,0,4,8192,0,0,1,1
cluster8_local,240,0.50,0,4,8192,0,0,1,1
cluster8_local,248,0.50,0,4,8192,0,0,1,1
cluster8_local,256,0.50,0,4,8192,0,0,1,1
cluster8_local,1,0.75,0,4,12288,3567,0.290283203125,1,1
cluster8_local,2,0.75,0,4,12288,0,0,2,2
cluster8_local,4,0.75,0,4,12288,0,0,2,2
cluster8_local,8,0.75,0,4,12288,0,0,2,2
cluster8_local,16,0.75,0,4,12288,0,0,2,2
cluster8_local,32,0.75,0,4,12288,0,0,2,2
cluster8_local,64,0.75,0,4,12288,0,0,2,2
cluster8_local,96,0.75,0,4,12288,0,0,2,2
cluster8_local,128,0.75,0,4,12288,0,0,2,2
cluster8_local,144,0.75,0,4,12288,0,0,2,2
cluster8_local,160,0.75,0,4,12288,0,0,2,2
cluster8_local,192,0.75,0,4,12288,0,0,2,2
cluster8_local,224,0.75,0,4,12288,0,0,2,2
cluster8_local,240,0.75,0,4,12288,0,0,2,2
cluster8_local,248,0.75,0,4,12288,0,0,2,2
cluster8_local,256,0.75,0,4,12288,0,0,2,2
cluster8_local,1,1.00,0,4,16384,7145,0.436096191406,1,1
cluster8_local,2,1.00,0,4,16384,0,0,2,2
cluster8_local,4,1.00,0,4,16384,0,0,2,2
cluster8_local,8,1.00,0,4,16384,0,0,2,2
cluster8_local,16,1.00,0,4,16384,0,0,2,2
cluster8_local,32,1.00,0,4,16384,0,0,2,2
cluster8_local,64,1.00,0,4,16384,0,0,2,2
cluster8_local,96,1.00,0,4,16384,0,0,2,2
cluster8_local,128,1.00,0,4,16384,0,0,2,2
cluster8_local,144,1.00,0,4,16384,0,0,2,2
cluster8_local,160,1.00,0,4,16384,0,0,2,2
cluster8_local,192,1.00,0,4,16384,0,0,2,2
cluster8_local,224,1.00,0,4,16384,0,0,2,2
cluster8_local,240,1.00,0,4,16384,0,0,2,2
cluster8_local,248,1.00,0,4,16384,0,0,2,2
cluster8_local,256,1.00,0,4,16384,0,0,2,2
cluster8_local,1,0.10,64,4,1636,74,0.0452322738386,1,0
cluster8_local,2,0.10,64,4,1636,48,0.0293398533007,2,0
cluster8_local,4,0.10,64,4,1636,11,0.00672371638142,4,0
cluster8_local,8,0.10,64,4,1636,0,0,6,0
cluster8_local,16,0.10,64,4,1636,0,0,6,0
cluster8_local,32,0.10,64,4,1636,0,0,6,0
cluster8_local,64,0.10,64,4,1636,0,0,6,0
cluster8_local,96,0.10,64,4,1636,0,0,6,0
cluster8_local,128,0.10,64,4,1636,0,0,6,0
cluster8_local,144,0.10,64,4,1636,0,0,6,0
cluster8_local,160,0.10,64,4,1636,0,0,6,0
cluster8_local,192,0.10,64,4,1636,0,0,6,0
cluster8_local,224,0.10,64,4,1636,0,0,6,0
cluster8_local,240,0.10,64,4,1636,0,0,6,0
cluster8_local,248,0.10,64,4,1636,0,0,6,0
cluster8_local,256,0.10,64,4,1636,0,0,6,0
cluster8_local,1,0.25,64,4,4096,220,0.0537109375,1,1
cluster8_local,2,0.25,64,4,4096,173,0.042236328125,2,1
cluster8_local,4,0.25,64,4,4096,93,0.022705078125,4,1
cluster8_local,8,0.25,64,4,4096,0,0,8,1
cluster8_local,16,0.25,64,4,4096,0,0,8,1
cluster8_local,32,0.25,64,4,4096,0,0,8,1
cluster8_local,64,0.25,64,4,4096,0,0,8,1
cluster8_local,96,0.25,64,4,4096,0,0,8,1
cluster8_local,128,0.25,64,4,4096,0,0,8,1
cluster8_local,144,0.25,64,4,4096,0,0,8,1
cluster8_local,160,0.25,64,4,4096,0,0,8,1
cluster8_local,192,0.25,64,4,4096,0,0,8,1
cluster8_local,224,0.25,64,4,4096,0,0,8,1
cluster8_local,240,0.25,64,4,4096,0,0,8,1
cluster8_local,248,0.25,64,4,4096,0,0,8,1
cluster8_local,256,0.25,64,4,4096,0,0,8,1
cluster8_local,1,0.50,64,4,8192,460,0.05615234375,1,1
cluster8_local,2,0.50,64,4,8192,373,0.0455322265625,2,1
cluster8_local,4,0.50,64,4,8192,229,0.0279541015625,4,1
cluster8_local,8,0.50,64,4,8192,0,0,8,1
cluster8_local,16,0.50,64,4,8192,0,0,8,1
cluster8_local,32,0.50,64,4,8192,0,0,8,1
cluster8_local,64,0.50,64,4,8192,0,0,8,1
cluster8_local,96,0.50,64,4,8192,0,0,8,1
cluster8_local,128,0.50,64,4,8192,0,0,8,1
cluster8_local,144,0.50,64,4,8192,0,0,8,1
cluster8_local,160,0.50,64,4,8192,0,0,8,1
cluster8_local,192,0.50,64,4,8192,0,0,8,1
cluster8_local,224,0.50,64,4,8192,0,0,8,1
cluster8_local,240,0.50,64,4,8192,0,0,8,1
cluster8_local,248,0.50,64,4,8192,0,0,8,1
cluster8_local,256,0.50,64,4,8192,0,0,8,1
cluster8_local,1,0.75,64,4,12288,4007,0.326090494792,1,1
cluster8_local,2,0.75,64,4,12288,571,0.0464680989583,2,2
cluster8_local,4,0.75,64,4,12288,341,0.0277506510417,4,2
cluster8_local,8,0.75,64,4,12288,0,0,8,2
cluster8_local,16,0.75,64,4,12288,0,0,8,2
cluster8_local,32,0.75,64,4,12288,0,0,8,2
cluster8_local,64,0.75,64,4,12288,0,0,8,2
cluster8_local,96,0.75,64,4,12288,0,0,8,2
cluster8_local,128,0.75,64,4,12288,0,0,8,2
cluster8_local,144,0.75,64,4,12288,0,0,8,2
cluster8_local,160,0.75,64,4,12288,0,0,8,2
cluster8_local,192,0.75,64,4,12288,0,0,8,2
cluster8_local,224,0.75,64,4,12288,0,0,8,2
cluster8_local,240,0.75,64,4,12288,0,0,8,2
cluster8_local,248,0.75,64,4,12288,0,0,8,2
cluster8_local,256,0.75,64,4,12288,0,0,8,2
cluster8_local,1,1.00,64,4,16384,7638,0.466186523438,1,1
cluster8_local,2,1.00,64,4,16384,765,0.0466918945312,2,2
cluster8_local,4,1.00,64,4,16384,500,0.030517578125,4,2
cluster8_local,8,1.00,64,4,16384,0,0,8,2
cluster8_local,16,1.00,64,4,16384,0,0,8,2
cluster8_local,32,1.00,64,4,16384,0,0,8,2
cluster8_local,64,1.00,64,4,16384,0,0,8,2
cluster8_local,96,1.00,64,4,16384,0,0,8,2
cluster8_local,128,1.00,64,4,16384,0,0,8,2
cluster8_local,144,1.00,64,4,16384,0,0,8,2
cluster8_local,160,1.00,64,4,16384,0,0,8,2
cluster8_local,192,1.00,64,4,16384,0,0,8,2
cluster8_local,224,1.00,64,4,16384,0,0,8,2
cluster8_local,240,1.00,64,4,16384,0,0,8,2
cluster8_local,248,1.00,64,4,16384,0,0,8,2
cluster8_local,256,1.00,64,4,16384,0,0,8,2
cluster8_local,1,0.10,128,4,1636,167,0.102078239609,1,0
cluster8_local,2,0.10,128,4,1636,133,0.0812958435208,2,0
cluster8_local,4,0.10,128,4,1636,62,0.0378973105134,4,0
cluster8_local,8,0.10,128,4,1636,0,0,8,0
cluster8_local,16,0.10,128,4,1636,0,0,8,0
cluster8_local,32,0.10,128,4,1636,0,0,8,0
cluster8_local,64,0.10,128,4,1636,0,0,8,0
cluster8_local,96,0.10,128,4,1636,0,0,8,0
cluster8_local,128,0.10,128,4,1636,0,0,8,0
cluster8_local,144,0.10,128,4,1636,0,0,8,0
cluster8_local,160,0.10,128,4,1636,0,0,8,0
cluster8_local,192,0.10,128,4,1636,0,0,8,0
cluster8_local,224,0.10,128,4,1636,0,0,8,0
cluster8_local,240,0.10,128,4,1636,0,0,8,0
cluster8_local,248,0.10,128,4,1636,0,0,8,0
cluster8_local,256,0.10,128,4,1636,0,0,8,0
cluster8_local,1,0.25,128,4,4096,453,0.110595703125,1,1
cluster8_local,2,0.25,128,4,4096,375,0.091552734375,2,1
cluster8_local,4,0.25,128,4,4096,232,0.056640625,4,1
cluster8_local,8,0.25,128,4,4096,0,0,8,1
cluster8_local,16,0.25,128,4,4096,0,0,8,1
cluster8_local,32,0.25,128,4,4096,0,0,8,1
cluster8_local,64,0.25,128,4,4096,0,0,8,1
cluster8_local,96,0.25,128,4,4096,0,0,8,1
cluster8_local,128,0.25,128,4,4096,0,0,8,1
cluster8_local,144,0.25,128,4,4096,0,0,8,1
cluster8_local,160,0.25,128,4,4096,0,0,8,1
cluster8_local,192,0.25,128,4,4096,0,0,8,1
cluster8_local,224,0.25,128,4,4096,0,0,8,1
cluster8_local,240,0.25,128,4,4096,0,0,8,1
cluster8_local,248,0.25,128,4,4096,0,0,8,1
cluster8_local,256,0.25,128,4,4096,0,0,8,1
cluster8_local,1,0.50,128,4,8192,887,0.108276367188,1,1
cluster8_local,2,0.50,128,4,8192,730,0.089111328125,2,1
cluster8_local,4,0.50,128,4,8192,462,0.056396484375,4,1
cluster8_local,8,0.50,128,4,8192,0,0,8,1
cluster8_local,16,0.50,128,4,8192,0,0,8,1
cluster8_local,32,0.50,128,4,8192,0,0,8,1
cluster8_local,64,0.50,128,4,8192,0,0,8,1
cluster8_local,96,0.50,128,4,8192,0,0,8,1
cluster8_local,128,0.50,128,4,8192,0,0,8,1
cluster8_local,144,0.50,128,4,8192,0,0,8,1
cluster8_local,160,0.50,128,4,8192,0,0,8,1
cluster8_local,192,0.50,128,4,8192,0,0,8,1
cluster8_local,224,0.50,128,4,8192,0,0,8,1
cluster8_local,240,0.50,128,4,8192,0,0,8,1
cluster8_local,248,0.50,128,4,8192,0,0,8,1
cluster8_local,256,0.50,128,4,8192,0,0,8,1
cluster8_local,1,0.75,128,4,12288,4474,0.364095052083,1,1
cluster8_local,2,0.75,128,4,12288,1127,0.0917154947917,2,2
cluster8_local,4,0.75,128,4,12288,724,0.0589192708333,4,2
cluster8_local,8,0.75,128,4,12288,0,0,8,2
cluster8_local,16,0.75,128,4,12288,0,0,8,2
cluster8_local,32,0.75,128,4,12288,0,0,8,2
cluster8_local,64,0.75,128,4,12288,0,0,8,2
cluster8_local,96,0.75,128,4,12288,0,0,8,2
cluster8_local,128,0.75,128,4,12288,0,0,8,2
cluster8_local,144,0.75,128,4,12288,0,0,8,2
cluster8_local,160,0.75,128,4,12288,0,0,8,2
cluster8_local,192,0.75,128,4,12288,0,0,8,2
cluster8_local,224,0.75,128,4,12288,0,0,8,2
cluster8_local,240,0.75,128,4,12288,0,0,8,2
cluster8_local,248,0.75,128,4,12288,0,0,8,2
cluster8_local,256,0.75,128,4,12288,0,0,8,2
cluster8_local,1,1.00,128,4,16384,8020,0.489501953125,1,1
cluster8_local,2,1.00,128,4,16384,1525,0.0930786132812,2,2
cluster8_local,4,1.00,128,4,16384,988,0.060302734375,4,2
cluster8_local,8,1.00,128,4,16384,0,0,8,2
cluster8_local,16,1.00,128,4,16384,0,0,8,2
cluster8_local,32,1.00,128,4,16384,0,0,8,2
cluster8_local,64,1.00,128,4,16384,0,0,8,2
cluster8_local,96,1.00,128,4,16384,0,0,8,2
cluster8_local,128,1.00,128,4,16384,0,0,8,2
cluster8_local,144,1.00,128,4,16384,0,0,8,2
cluster8_local,160,1.00,128,4,16384,0,0,8,2
cluster8_local,192,1.00,128,4,16384,0,0,8,2
cluster8_local,224,1.00,128,4,16384,0,0,8,2
cluster8_local,240,1.00,128,4,16384,0,0,8,2
cluster8_local,248,1.00,128,4,16384,0,0,8,2
cluster8_local,256,1.00,128,4,16384,0,0,8,2
cluster8_local,1,0.10,256,4,1636,347,0.212102689487,1,0
cluster8_local,2,0.10,256,4,1636,282,0.172371638142,2,0
cluster8_local,4,0.10,256,4,1636,160,0.0977995110024,4,0
cluster8_local,8,0.10,256,4,1636,0,0,8,0
cluster8_local,16,0.10,256,4,1636,0,0,8,0
cluster8_local,32,0.10,256,4,1636,0,0,8,0
cluster8_local,64,0.10,256,4,1636,0,0,8,0
cluster8_local,96,0.10,256,4,1636,0,0,8,0
cluster8_local,128,0.10,256,4,1636,0,0,8,0
cluster8_local,144,0.10,256,4,1636,0,0,8,0
cluster8_local,160,0.10,256,4,1636,0,0,8,0
cluster8_local,192,0.10,256,4,1636,0,0,8,0
cluster8_local,224,0.10,256,4,1636,0,0,8,0
cluster8_local,240,0.10,256,4,1636,0,0,8,0
cluster8_local,248,0.10,256,4,1636,0,0,8,0
cluster8_local,256,0.10,256,4,1636,0,0,8,0
cluster8_local,1,0.25,256,4,4096,895,0.218505859375,1,1
cluster8_local,2,0.25,256,4,4096,740,0.1806640625,2,1
cluster8_local,4,0.25,256,4,4096,459,0.112060546875,4,1
cluster8_local,8,0.25,256,4,4096,0,0,8,1
cluster8_local,16,0.25,256,4,4096,0,0,8,1
cluster8_local,32,0.25,256,4,4096,0,0,8,1
cluster8_local,64,0.25,256,4,4096,0,0,8,1
cluster8_local,96,0.25,256,4,4096,0,0,8,1
cluster8_local,128,0.25,256,4,4096,0,0,8,1
cluster8_local,144,0.25,256,4,4096,0,0,8,1
cluster8_local,160,0.25,256,4,4096,0,0,8,1
cluster8_local,192,0.25,256,4,4096,0,0,8,1
cluster8_local,224,0.25,256,4,4096,0,0,8,1
cluster8_local,240,0.25,256,4,4096,0,0,8,1
cluster8_local,248,0.25,256,4,4096,0,0,8,1
cluster8_local,256,0.25,256,4,4096,0,0,8,1
cluster8_local,1,0.50,256,4,8192,1798,0.219482421875,1,1
cluster8_local,2,0.50,256,4,8192,1516,0.18505859375,2,1
cluster8_local,4,0.50,256,4,8192,983,0.119995117188,4,1
cluster8_local,8,0.50,256,4,8192,0,0,8,1
cluster8_local,16,0.50,256,4,8192,0,0,8,1
cluster8_local,32,0.50,256,4,8192,0,0,8,1
cluster8_local,64,0.50,256,4,8192,0,0,8,1
cluster8_local,96,0.50,256,4,8192,0,0,8,1
cluster8_local,128,0.50,256,4,8192,0,0,8,1
cluster8_local,144,0.50,256,4,8192,0,0,8,1
cluster8_local,160,0.50,256,4,8192,0,0,8,1
cluster8_local,192,0.50,256,4,8192,0,0,8,1
cluster8_local,224,0.50,256,4,8192,0,0,8,1
cluster8_local,240,0.50,256,4,8192,0,0,8,1
cluster8_local,248,0.50,256,4,8192,0,0,8,1
cluster8_local,256,0.50,256,4,8192,0,0,8,1
cluster8_local,1,0.75,256,4,12288,5369,0.436930338542,1,1
cluster8_local,2,0.75,256,4,12288,2275,0.185139973958,2,2
cluster8_local,4,0.75,256,4,12288,1468,0.119466145833,4,2
cluster8_local,8,0.75,256,4,12288,0,0,8,2
cluster8_local,16,0.75,256,4,12288,0,0,8,2
cluster8_local,32,0.75,256,4,12288,0,0,8,2
cluster8_local,64,0.75,256,4,12288,0,0,8,2
cluster8_local,96,0.75,256,4,12288,0,0,8,2
cluster8_local,128,0.75,256,4,12288,0,0,8,2
cluster8_local,144,0.75,256,4,12288,0,0,8,2
cluster8_local,160,0.75,256,4,12288,0,0,8,2
cluster8_local,192,0.75,256,4,12288,0,0,8,2
cluster8_local,224,0.75,256,4,12288,0,0,8,2
cluster8_local,240,0.75,256,4,12288,0,0,8,2
cluster8_local,248,0.75,256,4,12288,0,0,8,2
cluster8_local,256,0.75,256,4,12288,0,0,8,2
cluster8_local,1,1.00,256,4,16384,8961,0.546936035156,1,1
cluster8_local,2,1.00,256,4,16384,3092,0.188720703125,2,2
cluster8_local,4,1.00,256,4,16384,2054,0.125366210938,4,2
cluster8_local,8,1.00,256,4,16384,0,0,8,2
cluster8_local,16,1.00,256,4,16384,0,0,8,2
cluster8_local,32,1.00,256,4,16384,0,0,8,2
cluster8_local,64,1.00,256,4,16384,0,0,8,2
cluster8_local,96,1.00,256,4,16384,0,0,8,2
cluster8_local,128,1.00,256,4,16384,0,0,8,2
cluster8_local,144,1.00,256,4,16384,0,0,8,2
cluster8_local,160,1.00,256,4,16384,0,0,8,2
cluster8_local,192,1.00,256,4,16384,0,0,8,2
cluster8_local,224,1.00,256,4,16384,0,0,8,2
cluster8_local,240,1.00,256,4,16384,0,0,8,2
cluster8_local,248,1.00,256,4,16384,0,0,8,2
cluster8_local,256,1.00,256,4,16384,0,0,8,2
port32_uniform,1,0.10,0,4,1636,0,0,1,0
port32_uniform,2,0.10,0,4,1636,0,0,1,0
port32_uniform,4,0.10,0,4,1636,0,0,1,0
port32_uniform,8,0.10,0,4,1636,0,0,1,0
port32_uniform,16,0.10,0,4,1636,0,0,1,0
port32_uniform,32,0.10,0,4,1636,0,0,1,0
port32_uniform,64,0.10,0,4,1636,0,0,1,0
port32_uniform,96,0.10,0,4,1636,0,0,1,0
port32_uniform,128,0.10,0,4,1636,0,0,1,0
port32_uniform,144,0.10,0,4,1636,0,0,1,0
port32_uniform,160,0.10,0,4,1636,0,0,1,0
port32_uniform,192,0.10,0,4,1636,0,0,1,0
port32_uniform,224,0.10,0,4,1636,0,0,1,0
port32_uniform,240,0.10,0,4,1636,0,0,1,0
port32_uniform,248,0.10,0,4,1636,0,0,1,0
port32_uniform,256,0.10,0,4,1636,0,0,1,0
port32_uniform,1,0.25,0,4,4096,0,0,1,1
port32_uniform,2,0.25,0,4,4096,0,0,1,1
port32_uniform,4,0.25,0,4,4096,0,0,1,1
port32_uniform,8,0.25,0,4,4096,0,0,1,1
port32_uniform,16,0.25,0,4,4096,0,0,1,1
port32_uniform,32,0.25,0,4,4096,0,0,1,1
port32_uniform,64,0.25,0,4,4096,0,0,1,1
port32_uniform,96,0.25,0,4,4096,0,0,1,1
port32_uniform,128,0.25,0,4,4096,0,0,1,1
port32_uniform,144,0.25,0,4,4096,0,0,1,1
port32_uniform,160,0.25,0,4,4096,0,0,1,1
port32_uniform,192,0.25,0,4,4096,0,0,1,1
port32_uniform,224,0.25,0,4,4096,0,0,1,1
port32_uniform,240,0.25,0,4,4096,0,0,1,1
port32_uniform,248,0.25,0,4,4096,0,0,1,1
port32_uniform,256,0.25,0,4,4096,0,0,1,1
port32_uniform,1,0.50,0,4,8192,0,0,1,1
port32_uniform,2,0.50,0,4,8192,0,0,1,1
port32_uniform,4,0.50,0,4,8192,0,0,1,1
port32_uniform,8,0.50,0,4,8192,0,0,1,1
port32_uniform,16,0.50,0,4,8192,0,0,1,1
port32_uniform,32,0.50,0,4,8192,0,0,1,1
port32_uniform,64,0.50,0,4,8192,0,0,1,1
port32_uniform,96,0.50,0,4,8192,0,0,1,1
port32_uniform,128,0.50,0,4,8192,0,0,1,1
port32_uniform,144,0.50,0,4,8192,0,0,1,1
port32_uniform,160,0.50,0,4,8192,0,0,1,1
port32_uniform,192,0.50,0,4,8192,0,0,1,1
port32_uniform,224,0.50,0,4,8192,0,0,1,1
port32_uniform,240,0.50,0,4,8192,0,0,1,1
port32_uniform,248,0.50,0,4,8192,0,0,1,1
port32_uniform,256,0.50,0,4,8192,0,0,1,1
port32_uniform,1,0.75,0,4,12288,3980,0.323893229167,1,1
port32_uniform,2,0.75,0,4,12288,0,0,2,2
port32_uniform,4,0.75,0,4,12288,0,0,2,2
port32_uniform,8,0.75,0,4,12288,0,0,2,2
port32_uniform,16,0.75,0,4,12288,0,0,2,2
port32_uniform,32,0.75,0,4,12288,0,0,2,2
port32_uniform,64,0.75,0,4,12288,0,0,2,2
port32_uniform,96,0.75,0,4,12288,0,0,2,2
port32_uniform,128,0.75,0,4,12288,0,0,2,2
port32_uniform,144,0.75,0,4,12288,0,0,2,2
port32_uniform,160,0.75,0,4,12288,0,0,2,2
port32_uniform,192,0.75,0,4,12288,0,0,2,2
port32_uniform,224,0.75,0,4,12288,0,0,2,2
port32_uniform,240,0.75,0,4,12288,0,0,2,2
port32_uniform,248,0.75,0,4,12288,0,0,2,2
port32_uniform,256,0.75,0,4,12288,0,0,2,2
port32_uniform,1,1.00,0,4,16384,7923,0.483581542969,1,1
port32_uniform,2,1.00,0,4,16384,0,0,2,2
port32_uniform,4,1.00,0,4,16384,0,0,2,2
port32_uniform,8,1.00,0,4,16384,0,0,2,2
port32_uniform,16,1.00,0,4,16384,0,0,2,2
port32_uniform,32,1.00,0,4,16384,0,0,2,2
port32_uniform,64,1.00,0,4,16384,0,0,2,2
port32_uniform,96,1.00,0,4,16384,0,0,2,2
port32_uniform,128,1.00,0,4,16384,0,0,2,2
port32_uniform,144,1.00,0,4,16384,0,0,2,2
port32_uniform,160,1.00,0,4,16384,0,0,2,2
port32_uniform,192,1.00,0,4,16384,0,0,2,2
port32_uniform,224,1.00,0,4,16384,0,0,2,2
port32_uniform,240,1.00,0,4,16384,0,0,2,2
port32_uniform,248,1.00,0,4,16384,0,0,2,2
port32_uniform,256,1.00,0,4,16384,0,0,2,2
port32_uniform,1,0.10,64,4,1636,81,0.049511002445,1,0
port32_uniform,2,0.10,64,4,1636,62,0.0378973105134,2,0
port32_uniform,4,0.10,64,4,1636,28,0.0171149144254,4,0
port32_uniform,8,0.10,64,4,1636,0,0,7,0
port32_uniform,16,0.10,64,4,1636,0,0,7,0
port32_uniform,32,0.10,64,4,1636,0,0,7,0
port32_uniform,64,0.10,64,4,1636,0,0,7,0
port32_uniform,96,0.10,64,4,1636,0,0,7,0
port32_uniform,128,0.10,64,4,1636,0,0,7,0
port32_uniform,144,0.10,64,4,1636,0,0,7,0
port32_uniform,160,0.10,64,4,1636,0,0,7,0
port32_uniform,192,0.10,64,4,1636,0,0,7,0
port32_uniform,224,0.10,64,4,1636,0,0,7,0
port32_uniform,240,0.10,64,4,1636,0,0,7,0
port32_uniform,248,0.10,64,4,1636,0,0,7,0
port32_uniform,256,0.10,64,4,1636,0,0,7,0
port32_uniform,1,0.25,64,4,4096,245,0.059814453125,1,1
port32_uniform,2,0.25,64,4,4096,221,0.053955078125,2,1
port32_uniform,4,0.25,64,4,4096,182,0.04443359375,4,1
port32_uniform,8,0.25,64,4,4096,98,0.02392578125,8,1
port32_uniform,16,0.25,64,4,4096,0,0,16,1
port32_uniform,32,0.25,64,4,4096,0,0,16,1
port32_uniform,64,0.25,64,4,4096,0,0,16,1
port32_uniform,96,0.25,64,4,4096,0,0,16,1
port32_uniform,128,0.25,64,4,4096,0,0,16,1
port32_uniform,144,0.25,64,4,4096,0,0,16,1
port32_uniform,160,0.25,64,4,4096,0,0,16,1
port32_uniform,192,0.25,64,4,4096,0,0,16,1
port32_uniform,224,0.25,64,4,4096,0,0,16,1
port32_uniform,240,0.25,64,4,4096,0,0,16,1
port32_uniform,248,0.25,64,4,4096,0,0,16,1
port32_uniform,256,0.25,64,4,4096,0,0,16,1
port32_uniform,1,0.50,64,4,8192,496,0.060546875,1,1
port32_uniform,2,0.50,64,4,8192,466,0.056884765625,2,1
port32_uniform,4,0.50,64,4,8192,403,0.0491943359375,4,1
port32_uniform,8,0.50,64,4,8192,290,0.035400390625,8,1
port32_uniform,16,0.50,64,4,8192,96,0.01171875,16,1
port32_uniform,32,0.50,64,4,8192,0,0,23,1
port32_uniform,64,0.50,64,4,8192,0,0,23,1
port32_uniform,96,0.50,64,4,8192,0,0,23,1
port32_uniform,128,0.50,64,4,8192,0,0,23,1
port32_uniform,144,0.50,64,4,8192,0,0,23,1
port32_uniform,160,0.50,64,4,8192,0,0,23,1
port32_uniform,192,0.50,64,4,8192,0,0,23,1
port32_uniform,224,0.50,64,4,8192,0,0,23,1
port32_uniform,240,0.50,64,4,8192,0,0,23,1
port32_uniform,248,0.50,64,4,8192,0,0,23,1
port32_uniform,256,0.50,64,4,8192,0,0,23,1
port32_uniform,1,0.75,64,4,12288,4439,0.361246744792,1,1
port32_uniform,2,0.75,64,4,12288,701,0.0570475260417,2,2
port32_uniform,4,0.75,64,4,12288,624,0.05078125,4,2
port32_uniform,8,0.75,64,4,12288,467,0.0380045572917,8,2
port32_uniform,16,0.75,64,4,12288,205,0.0166829427083,16,2
port32_uniform,32,0.75,64,4,12288,0,0,26,2
port32_uniform,64,0.75,64,4,12288,0,0,26,2
port32_uniform,96,0.75,64,4,12288,0,0,26,2
port32_uniform,128,0.75,64,4,12288,0,0,26,2
port32_uniform,144,0.75,64,4,12288,0,0,26,2
port32_uniform,160,0.75,64,4,12288,0,0,26,2
port32_uniform,192,0.75,64,4,12288,0,0,26,2
port32_uniform,224,0.75,64,4,12288,0,0,26,2
port32_uniform,240,0.75,64,4,12288,0,0,26,2
port32_uniform,248,0.75,64,4,12288,0,0,26,2
port32_uniform,256,0.75,64,4,12288,0,0,26,2
port32_uniform,1,1.00,64,4,16384,8438,0.515014648438,1,1
port32_uniform,2,1.00,64,4,16384,963,0.0587768554688,2,2
port32_uniform,4,1.00,64,4,16384,879,0.0536499023438,4,2
port32_uniform,8,1.00,64,4,16384,692,0.042236328125,8,2
port32_uniform,16,1.00,64,4,16384,340,0.020751953125,16,2
port32_uniform,32,1.00,64,4,16384,0,0,31,2
port32_uniform,64,1.00,64,4,16384,0,0,31,2
port32_uniform,96,1.00,64,4,16384,0,0,31,2
port32_uniform,128,1.00,64,4,16384,0,0,31,2
port32_uniform,144,1.00,64,4,16384,0,0,31,2
port32_uniform,160,1.00,64,4,16384,0,0,31,2
port32_uniform,192,1.00,64,4,16384,0,0,31,2
port32_uniform,224,1.00,64,4,16384,0,0,31,2
port32_uniform,240,1.00,64,4,16384,0,0,31,2
port32_uniform,248,1.00,64,4,16384,0,0,31,2
port32_uniform,256,1.00,64,4,16384,0,0,31,2
port32_uniform,1,0.10,128,4,1636,185,0.113080684597,1,0
port32_uniform,2,0.10,128,4,1636,162,0.09902200489,2,0
port32_uniform,4,0.10,128,4,1636,117,0.0715158924205,4,0
port32_uniform,8,0.10,128,4,1636,46,0.0281173594132,8,0
port32_uniform,16,0.10,128,4,1636,0,0,13,0
port32_uniform,32,0.10,128,4,1636,0,0,13,0
port32_uniform,64,0.10,128,4,1636,0,0,13,0
port32_uniform,96,0.10,128,4,1636,0,0,13,0
port32_uniform,128,0.10,128,4,1636,0,0,13,0
port32_uniform,144,0.10,128,4,1636,0,0,13,0
port32_uniform,160,0.10,128,4,1636,0,0,13,0
port32_uniform,192,0.10,128,4,1636,0,0,13,0
port32_uniform,224,0.10,128,4,1636,0,0,13,0
port32_uniform,240,0.10,128,4,1636,0,0,13,0
port32_uniform,248,0.10,128,4,1636,0,0,13,0
port32_uniform,256,0.10,128,4,1636,0,0,13,0
port32_uniform,1,0.25,128,4,4096,496,0.12109375,1,1
port32_uniform,2,0.25,128,4,4096,465,0.113525390625,2,1
port32_uniform,4,0.25,128,4,4096,411,0.100341796875,4,1
port32_uniform,8,0.25,128,4,4096,299,0.072998046875,8,1
port32_uniform,16,0.25,128,4,4096,90,0.02197265625,16,1
port32_uniform,32,0.25,128,4,4096,0,0,23,1
port32_uniform,64,0.25,128,4,4096,0,0,23,1
port32_uniform,96,0.25,128,4,4096,0,0,23,1
port32_uniform,128,0.25,128,4,4096,0,0,23,1
port32_uniform,144,0.25,128,4,4096,0,0,23,1
port32_uniform,160,0.25,128,4,4096,0,0,23,1
port32_uniform,192,0.25,128,4,4096,0,0,23,1
port32_uniform,224,0.25,128,4,4096,0,0,23,1
port32_uniform,240,0.25,128,4,4096,0,0,23,1
port32_uniform,248,0.25,128,4,4096,0,0,23,1
port32_uniform,256,0.25,128,4,4096,0,0,23,1
port32_uniform,1,0.50,128,4,8192,990,0.120849609375,1,1
port32_uniform,2,0.50,128,4,8192,948,0.11572265625,2,1
port32_uniform,4,0.50,128,4,8192,855,0.104370117188,4,1
port32_uniform,8,0.50,128,4,8192,682,0.083251953125,8,1
port32_uniform,16,0.50,128,4,8192,358,0.043701171875,16,1
port32_uniform,32,0.50,128,4,8192,0,0,31,1
port32_uniform,64,0.50,128,4,8192,0,0,31,1
port32_uniform,96,0.50,128,4,8192,0,0,31,1
port32_uniform,128,0.50,128,4,8192,0,0,31,1
port32_uniform,144,0.50,128,4,8192,0,0,31,1
port32_uniform,160,0.50,128,4,8192,0,0,31,1
port32_uniform,192,0.50,128,4,8192,0,0,31,1
port32_uniform,224,0.50,128,4,8192,0,0,31,1
port32_uniform,240,0.50,128,4,8192,0,0,31,1
port32_uniform,248,0.50,128,4,8192,0,0,31,1
port32_uniform,256,0.50,128,4,8192,0,0,31,1
port32_uniform,1,0.75,128,4,12288,4957,0.403401692708,1,1
port32_uniform,2,0.75,128,4,12288,1438,0.117024739583,2,2
port32_uniform,4,0.75,128,4,12288,1308,0.1064453125,4,2
port32_uniform,8,0.75,128,4,12288,1056,0.0859375,8,2
port32_uniform,16,0.75,128,4,12288,635,0.0516764322917,16,2
port32_uniform,32,0.75,128,4,12288,0,0,32,2
port32_uniform,64,0.75,128,4,12288,0,0,32,2
port32_uniform,96,0.75,128,4,12288,0,0,32,2
port32_uniform,128,0.75,128,4,12288,0,0,32,2
port32_uniform,144,0.75,128,4,12288,0,0,32,2
port32_uniform,160,0.75,128,4,12288,0,0,32,2
port32_uniform,192,0.75,128,4,12288,0,0,32,2
port32_uniform,224,0.75,128,4,12288,0,0,32,2
port32_uniform,240,0.75,128,4,12288,0,0,32,2
port32_uniform,248,0.75,128,4,12288,0,0,32,2
port32_uniform,256,0.75,128,4,12288,0,0,32,2
port32_uniform,1,1.00,128,4,16384,8908,0.543701171875,1,1
port32_uniform,2,1.00,128,4,16384,1901,0.116027832031,2,2
port32_uniform,4,1.00,128,4,16384,1741,0.106262207031,4,2
port32_uniform,8,1.00,128,4,16384,1430,0.0872802734375,8,2
port32_uniform,16,1.00,128,4,16384,866,0.0528564453125,16,2
port32_uniform,32,1.00,128,4,16384,0,0,32,2
port32_uniform,64,1.00,128,4,16384,0,0,32,2
port32_uniform,96,1.00,128,4,16384,0,0,32,2
port32_uniform,128,1.00,128,4,16384,0,0,32,2
port32_uniform,144,1.00,128,4,16384,0,0,32,2
port32_uniform,160,1.00,128,4,16384,0,0,32,2
port32_uniform,192,1.00,128,4,16384,0,0,32,2
port32_uniform,224,1.00,128,4,16384,0,0,32,2
port32_uniform,240,1.00,128,4,16384,0,0,32,2
port32_uniform,248,1.00,128,4,16384,0,0,32,2
port32_uniform,256,1.00,128,4,16384,0,0,32,2
port32_uniform,1,0.10,256,4,1636,378,0.231051344743,1,0
port32_uniform,2,0.10,256,4,1636,353,0.215770171149,2,0
port32_uniform,4,0.10,256,4,1636,304,0.185819070905,4,0
port32_uniform,8,0.10,256,4,1636,196,0.119804400978,8,0
port32_uniform,16,0.10,256,4,1636,33,0.0201711491443,16,0
port32_uniform,32,0.10,256,4,1636,0,0,20,0
port32_uniform,64,0.10,256,4,1636,0,0,20,0
port32_uniform,96,0.10,256,4,1636,0,0,20,0
port32_uniform,128,0.10,256,4,1636,0,0,20,0
port32_uniform,144,0.10,256,4,1636,0,0,20,0
port32_uniform,160,0.10,256,4,1636,0,0,20,0
port32_uniform,192,0.10,256,4,1636,0,0,20,0
port32_uniform,224,0.10,256,4,1636,0,0,20,0
port32_uniform,240,0.10,256,4,1636,0,0,20,0
port32_uniform,248,0.10,256,4,1636,0,0,20,0
port32_uniform,256,0.10,256,4,1636,0,0,20,0
port32_uniform,1,0.25,256,4,4096,988,0.2412109375,1,1
port32_uniform,2,0.25,256,4,4096,935,0.228271484375,2,1
port32_uniform,4,0.25,256,4,4096,837,0.204345703125,4,1
port32_uniform,8,0.25,256,4,4096,662,0.16162109375,8,1
port32_uniform,16,0.25,256,4,4096,360,0.087890625,16,1
port32_uniform,32,0.25,256,4,4096,0,0,30,1
port32_uniform,64,0.25,256,4,4096,0,0,30,1
port32_uniform,96,0.25,256,4,4096,0,0,30,1
port32_uniform,128,0.25,256,4,4096,0,0,30,1
port32_uniform,144,0.25,256,4,4096,0,0,30,1
port32_uniform,160,0.25,256,4,4096,0,0,30,1
port32_uniform,192,0.25,256,4,4096,0,0,30,1
port32_uniform,224,0.25,256,4,4096,0,0,30,1
port32_uniform,240,0.25,256,4,4096,0,0,30,1
port32_uniform,248,0.25,256,4,4096,0,0,30,1
port32_uniform,256,0.25,256,4,4096,0,0,30,1
port32_uniform,1,0.50,256,4,8192,1965,0.239868164062,1,1
port32_uniform,2,0.50,256,4,8192,1889,0.230590820312,2,1
port32_uniform,4,0.50,256,4,8192,1736,0.2119140625,4,1
port32_uniform,8,0.50,256,4,8192,1428,0.17431640625,8,1
port32_uniform,16,0.50,256,4,8192,840,0.1025390625,16,1
port32_uniform,32,0.50,256,4,8192,0,0,32,1
port32_uniform,64,0.50,256,4,8192,0,0,32,1
port32_uniform,96,0.50,256,4,8192,0,0,32,1
port32_uniform,128,0.50,256,4,8192,0,0,32,1
port32_uniform,144,0.50,256,4,8192,0,0,32,1
port32_uniform,160,0.50,256,4,8192,0,0,32,1
port32_uniform,192,0.50,256,4,8192,0,0,32,1
port32_uniform,224,0.50,256,4,8192,0,0,32,1
port32_uniform,240,0.50,256,4,8192,0,0,32,1
port32_uniform,248,0.50,256,4,8192,0,0,32,1
port32_uniform,256,0.50,256,4,8192,0,0,32,1
port32_uniform,1,0.75,256,4,12288,5951,0.484293619792,1,1
port32_uniform,2,0.75,256,4,12288,2871,0.233642578125,2,2
port32_uniform,4,0.75,256,4,12288,2636,0.214518229167,4,2
port32_uniform,8,0.75,256,4,12288,2207,0.179606119792,8,2
port32_uniform,16,0.75,256,4,12288,1351,0.109944661458,16,2
port32_uniform,32,0.75,256,4,12288,0,0,32,2
port32_uniform,64,0.75,256,4,12288,0,0,32,2
port32_uniform,96,0.75,256,4,12288,0,0,32,2
port32_uniform,128,0.75,256,4,12288,0,0,32,2
port32_uniform,144,0.75,256,4,12288,0,0,32,2
port32_uniform,160,0.75,256,4,12288,0,0,32,2
port32_uniform,192,0.75,256,4,12288,0,0,32,2
port32_uniform,224,0.75,256,4,12288,0,0,32,2
port32_uniform,240,0.75,256,4,12288,0,0,32,2
port32_uniform,248,0.75,256,4,12288,0,0,32,2
port32_uniform,256,0.75,256,4,12288,0,0,32,2
port32_uniform,1,1.00,256,4,16384,9910,0.604858398438,1,1
port32_uniform,2,1.00,256,4,16384,3845,0.234680175781,2,2
port32_uniform,4,1.00,256,4,16384,3575,0.218200683594,4,2
port32_uniform,8,1.00,256,4,16384,3029,0.184875488281,8,2
port32_uniform,16,1.00,256,4,16384,1919,0.117126464844,16,2
port32_uniform,32,1.00,256,4,16384,0,0,32,2
port32_uniform,64,1.00,256,4,16384,0,0,32,2
port32_uniform,96,1.00,256,4,16384,0,0,32,2
port32_uniform,128,1.00,256,4,16384,0,0,32,2
port32_uniform,144,1.00,256,4,16384,0,0,32,2
port32_uniform,160,1.00,256,4,16384,0,0,32,2
port32_uniform,192,1.00,256,4,16384,0,0,32,2
port32_uniform,224,1.00,256,4,16384,0,0,32,2
port32_uniform,240,1.00,256,4,16384,0,0,32,2
port32_uniform,248,1.00,256,4,16384,0,0,32,2
port32_uniform,256,1.00,256,4,16384,0,0,32,2
half_detector128,1,0.10,0,4,1636,0,0,1,0
half_detector128,2,0.10,0,4,1636,0,0,1,0
half_detector128,4,0.10,0,4,1636,0,0,1,0
half_detector128,8,0.10,0,4,1636,0,0,1,0
half_detector128,16,0.10,0,4,1636,0,0,1,0
half_detector128,32,0.10,0,4,1636,0,0,1,0
half_detector128,64,0.10,0,4,1636,0,0,1,0
half_detector128,96,0.10,0,4,1636,0,0,1,0
half_detector128,128,0.10,0,4,1636,0,0,1,0
half_detector128,144,0.10,0,4,1636,0,0,1,0
half_detector128,160,0.10,0,4,1636,0,0,1,0
half_detector128,192,0.10,0,4,1636,0,0,1,0
half_detector128,224,0.10,0,4,1636,0,0,1,0
half_detector128,240,0.10,0,4,1636,0,0,1,0
half_detector128,248,0.10,0,4,1636,0,0,1,0
half_detector128,256,0.10,0,4,1636,0,0,1,0
half_detector128,1,0.25,0,4,4096,0,0,1,1
half_detector128,2,0.25,0,4,4096,0,0,1,1
half_detector128,4,0.25,0,4,4096,0,0,1,1
half_detector128,8,0.25,0,4,4096,0,0,1,1
half_detector128,16,0.25,0,4,4096,0,0,1,1
half_detector128,32,0.25,0,4,4096,0,0,1,1
half_detector128,64,0.25,0,4,4096,0,0,1,1
half_detector128,96,0.25,0,4,4096,0,0,1,1
half_detector128,128,0.25,0,4,4096,0,0,1,1
half_detector128,144,0.25,0,4,4096,0,0,1,1
half_detector128,160,0.25,0,4,4096,0,0,1,1
half_detector128,192,0.25,0,4,4096,0,0,1,1
half_detector128,224,0.25,0,4,4096,0,0,1,1
half_detector128,240,0.25,0,4,4096,0,0,1,1
half_detector128,248,0.25,0,4,4096,0,0,1,1
half_detector128,256,0.25,0,4,4096,0,0,1,1
half_detector128,1,0.50,0,4,8192,0,0,1,1
half_detector128,2,0.50,0,4,8192,0,0,1,1
half_detector128,4,0.50,0,4,8192,0,0,1,1
half_detector128,8,0.50,0,4,8192,0,0,1,1
half_detector128,16,0.50,0,4,8192,0,0,1,1
half_detector128,32,0.50,0,4,8192,0,0,1,1
half_detector128,64,0.50,0,4,8192,0,0,1,1
half_detector128,96,0.50,0,4,8192,0,0,1,1
half_detector128,128,0.50,0,4,8192,0,0,1,1
half_detector128,144,0.50,0,4,8192,0,0,1,1
half_detector128,160,0.50,0,4,8192,0,0,1,1
half_detector128,192,0.50,0,4,8192,0,0,1,1
half_detector128,224,0.50,0,4,8192,0,0,1,1
half_detector128,240,0.50,0,4,8192,0,0,1,1
half_detector128,248,0.50,0,4,8192,0,0,1,1
half_detector128,256,0.50,0,4,8192,0,0,1,1
half_detector128,1,0.75,0,4,12288,4058,0.330240885417,1,1
half_detector128,2,0.75,0,4,12288,0,0,2,2
half_detector128,4,0.75,0,4,12288,0,0,2,2
half_detector128,8,0.75,0,4,12288,0,0,2,2
half_detector128,16,0.75,0,4,12288,0,0,2,2
half_detector128,32,0.75,0,4,12288,0,0,2,2
half_detector128,64,0.75,0,4,12288,0,0,2,2
half_detector128,96,0.75,0,4,12288,0,0,2,2
half_detector128,128,0.75,0,4,12288,0,0,2,2
half_detector128,144,0.75,0,4,12288,0,0,2,2
half_detector128,160,0.75,0,4,12288,0,0,2,2
half_detector128,192,0.75,0,4,12288,0,0,2,2
half_detector128,224,0.75,0,4,12288,0,0,2,2
half_detector128,240,0.75,0,4,12288,0,0,2,2
half_detector128,248,0.75,0,4,12288,0,0,2,2
half_detector128,256,0.75,0,4,12288,0,0,2,2
half_detector128,1,1.00,0,4,16384,8113,0.495178222656,1,1
half_detector128,2,1.00,0,4,16384,0,0,2,2
half_detector128,4,1.00,0,4,16384,0,0,2,2
half_detector128,8,1.00,0,4,16384,0,0,2,2
half_detector128,16,1.00,0,4,16384,0,0,2,2
half_detector128,32,1.00,0,4,16384,0,0,2,2
half_detector128,64,1.00,0,4,16384,0,0,2,2
half_detector128,96,1.00,0,4,16384,0,0,2,2
half_detector128,128,1.00,0,4,16384,0,0,2,2
half_detector128,144,1.00,0,4,16384,0,0,2,2
half_detector128,160,1.00,0,4,16384,0,0,2,2
half_detector128,192,1.00,0,4,16384,0,0,2,2
half_detector128,224,1.00,0,4,16384,0,0,2,2
half_detector128,240,1.00,0,4,16384,0,0,2,2
half_detector128,248,1.00,0,4,16384,0,0,2,2
half_detector128,256,1.00,0,4,16384,0,0,2,2
half_detector128,1,0.10,64,4,1636,86,0.0525672371638,1,0
half_detector128,2,0.10,64,4,1636,68,0.041564792176,2,0
half_detector128,4,0.10,64,4,1636,36,0.0220048899756,4,0
half_detector128,8,0.10,64,4,1636,0,0,7,0
half_detector128,16,0.10,64,4,1636,0,0,7,0
half_detector128,32,0.10,64,4,1636,0,0,7,0
half_detector128,64,0.10,64,4,1636,0,0,7,0
half_detector128,96,0.10,64,4,1636,0,0,7,0
half_detector128,128,0.10,64,4,1636,0,0,7,0
half_detector128,144,0.10,64,4,1636,0,0,7,0
half_detector128,160,0.10,64,4,1636,0,0,7,0
half_detector128,192,0.10,64,4,1636,0,0,7,0
half_detector128,224,0.10,64,4,1636,0,0,7,0
half_detector128,240,0.10,64,4,1636,0,0,7,0
half_detector128,248,0.10,64,4,1636,0,0,7,0
half_detector128,256,0.10,64,4,1636,0,0,7,0
half_detector128,1,0.25,64,4,4096,249,0.060791015625,1,1
half_detector128,2,0.25,64,4,4096,231,0.056396484375,2,1
half_detector128,4,0.25,64,4,4096,199,0.048583984375,4,1
half_detector128,8,0.25,64,4,4096,132,0.0322265625,8,1
half_detector128,16,0.25,64,4,4096,6,0.00146484375,16,1
half_detector128,32,0.25,64,4,4096,0,0,17,1
half_detector128,64,0.25,64,4,4096,0,0,17,1
half_detector128,96,0.25,64,4,4096,0,0,17,1
half_detector128,128,0.25,64,4,4096,0,0,17,1
half_detector128,144,0.25,64,4,4096,0,0,17,1
half_detector128,160,0.25,64,4,4096,0,0,17,1
half_detector128,192,0.25,64,4,4096,0,0,17,1
half_detector128,224,0.25,64,4,4096,0,0,17,1
half_detector128,240,0.25,64,4,4096,0,0,17,1
half_detector128,248,0.25,64,4,4096,0,0,17,1
half_detector128,256,0.25,64,4,4096,0,0,17,1
half_detector128,1,0.50,64,4,8192,507,0.0618896484375,1,1
half_detector128,2,0.50,64,4,8192,487,0.0594482421875,2,1
half_detector128,4,0.50,64,4,8192,446,0.054443359375,4,1
half_detector128,8,0.50,64,4,8192,368,0.044921875,8,1
half_detector128,16,0.50,64,4,8192,221,0.0269775390625,16,1
half_detector128,32,0.50,64,4,8192,0,0,32,1
half_detector128,64,0.50,64,4,8192,0,0,32,1
half_detector128,96,0.50,64,4,8192,0,0,32,1
half_detector128,128,0.50,64,4,8192,0,0,32,1
half_detector128,144,0.50,64,4,8192,0,0,32,1
half_detector128,160,0.50,64,4,8192,0,0,32,1
half_detector128,192,0.50,64,4,8192,0,0,32,1
half_detector128,224,0.50,64,4,8192,0,0,32,1
half_detector128,240,0.50,64,4,8192,0,0,32,1
half_detector128,248,0.50,64,4,8192,0,0,32,1
half_detector128,256,0.50,64,4,8192,0,0,32,1
half_detector128,1,0.75,64,4,12288,4555,0.370686848958,1,1
half_detector128,2,0.75,64,4,12288,741,0.060302734375,2,2
half_detector128,4,0.75,64,4,12288,702,0.05712890625,4,2
half_detector128,8,0.75,64,4,12288,613,0.0498860677083,8,2
half_detector128,16,0.75,64,4,12288,445,0.0362141927083,16,2
half_detector128,32,0.75,64,4,12288,138,0.01123046875,32,2
half_detector128,64,0.75,64,4,12288,0,0,47,2
half_detector128,96,0.75,64,4,12288,0,0,47,2
half_detector128,128,0.75,64,4,12288,0,0,47,2
half_detector128,144,0.75,64,4,12288,0,0,47,2
half_detector128,160,0.75,64,4,12288,0,0,47,2
half_detector128,192,0.75,64,4,12288,0,0,47,2
half_detector128,224,0.75,64,4,12288,0,0,47,2
half_detector128,240,0.75,64,4,12288,0,0,47,2
half_detector128,248,0.75,64,4,12288,0,0,47,2
half_detector128,256,0.75,64,4,12288,0,0,47,2
half_detector128,1,1.00,64,4,16384,8642,0.527465820312,1,1
half_detector128,2,1.00,64,4,16384,1011,0.0617065429688,2,2
half_detector128,4,1.00,64,4,16384,966,0.0589599609375,4,2
half_detector128,8,1.00,64,4,16384,870,0.0531005859375,8,2
half_detector128,16,1.00,64,4,16384,698,0.0426025390625,16,2
half_detector128,32,1.00,64,4,16384,346,0.0211181640625,32,2
half_detector128,64,1.00,64,4,16384,0,0,58,2
half_detector128,96,1.00,64,4,16384,0,0,58,2
half_detector128,128,1.00,64,4,16384,0,0,58,2
half_detector128,144,1.00,64,4,16384,0,0,58,2
half_detector128,160,1.00,64,4,16384,0,0,58,2
half_detector128,192,1.00,64,4,16384,0,0,58,2
half_detector128,224,1.00,64,4,16384,0,0,58,2
half_detector128,240,1.00,64,4,16384,0,0,58,2
half_detector128,248,1.00,64,4,16384,0,0,58,2
half_detector128,256,1.00,64,4,16384,0,0,58,2
half_detector128,1,0.10,128,4,1636,188,0.114914425428,1,0
half_detector128,2,0.10,128,4,1636,172,0.105134474328,2,0
half_detector128,4,0.10,128,4,1636,137,0.0837408312958,4,0
half_detector128,8,0.10,128,4,1636,72,0.0440097799511,8,0
half_detector128,16,0.10,128,4,1636,0,0,13,0
half_detector128,32,0.10,128,4,1636,0,0,13,0
half_detector128,64,0.10,128,4,1636,0,0,13,0
half_detector128,96,0.10,128,4,1636,0,0,13,0
half_detector128,128,0.10,128,4,1636,0,0,13,0
half_detector128,144,0.10,128,4,1636,0,0,13,0
half_detector128,160,0.10,128,4,1636,0,0,13,0
half_detector128,192,0.10,128,4,1636,0,0,13,0
half_detector128,224,0.10,128,4,1636,0,0,13,0
half_detector128,240,0.10,128,4,1636,0,0,13,0
half_detector128,248,0.10,128,4,1636,0,0,13,0
half_detector128,256,0.10,128,4,1636,0,0,13,0
half_detector128,1,0.25,128,4,4096,503,0.122802734375,1,1
half_detector128,2,0.25,128,4,4096,485,0.118408203125,2,1
half_detector128,4,0.25,128,4,4096,450,0.10986328125,4,1
half_detector128,8,0.25,128,4,4096,381,0.093017578125,8,1
half_detector128,16,0.25,128,4,4096,231,0.056396484375,16,1
half_detector128,32,0.25,128,4,4096,0,0,32,1
half_detector128,64,0.25,128,4,4096,0,0,32,1
half_detector128,96,0.25,128,4,4096,0,0,32,1
half_detector128,128,0.25,128,4,4096,0,0,32,1
half_detector128,144,0.25,128,4,4096,0,0,32,1
half_detector128,160,0.25,128,4,4096,0,0,32,1
half_detector128,192,0.25,128,4,4096,0,0,32,1
half_detector128,224,0.25,128,4,4096,0,0,32,1
half_detector128,240,0.25,128,4,4096,0,0,32,1
half_detector128,248,0.25,128,4,4096,0,0,32,1
half_detector128,256,0.25,128,4,4096,0,0,32,1
half_detector128,1,0.50,128,4,8192,1013,0.123657226562,1,1
half_detector128,2,0.50,128,4,8192,994,0.121337890625,2,1
half_detector128,4,0.50,128,4,8192,946,0.115478515625,4,1
half_detector128,8,0.50,128,4,8192,855,0.104370117188,8,1
half_detector128,16,0.50,128,4,8192,679,0.0828857421875,16,1
half_detector128,32,0.50,128,4,8192,346,0.042236328125,32,1
half_detector128,64,0.50,128,4,8192,0,0,56,1
half_detector128,96,0.50,128,4,8192,0,0,56,1
half_detector128,128,0.50,128,4,8192,0,0,56,1
half_detector128,144,0.50,128,4,8192,0,0,56,1
half_detector128,160,0.50,128,4,8192,0,0,56,1
half_detector128,192,0.50,128,4,8192,0,0,56,1
half_detector128,224,0.50,128,4,8192,0,0,56,1
half_detector128,240,0.50,128,4,8192,0,0,56,1
half_detector128,248,0.50,128,4,8192,0,0,56,1
half_detector128,256,0.50,128,4,8192,0,0,56,1
half_detector128,1,0.75,128,4,12288,5067,0.412353515625,1,1
half_detector128,2,0.75,128,4,12288,1508,0.122721354167,2,2
half_detector128,4,0.75,128,4,12288,1451,0.118082682292,4,2
half_detector128,8,0.75,128,4,12288,1346,0.109537760417,8,2
half_detector128,16,0.75,128,4,12288,1145,0.0931803385417,16,2
half_detector128,32,0.75,128,4,12288,762,0.06201171875,32,2
half_detector128,64,0.75,128,4,12288,117,0.009521484375,64,2
half_detector128,96,0.75,128,4,12288,0,0,76,2
half_detector128,128,0.75,128,4,12288,0,0,76,2
half_detector128,144,0.75,128,4,12288,0,0,76,2
half_detector128,160,0.75,128,4,12288,0,0,76,2
half_detector128,192,0.75,128,4,12288,0,0,76,2
half_detector128,224,0.75,128,4,12288,0,0,76,2
half_detector128,240,0.75,128,4,12288,0,0,76,2
half_detector128,248,0.75,128,4,12288,0,0,76,2
half_detector128,256,0.75,128,4,12288,0,0,76,2
half_detector128,1,1.00,128,4,16384,9130,0.557250976562,1,1
half_detector128,2,1.00,128,4,16384,2006,0.122436523438,2,2
half_detector128,4,1.00,128,4,16384,1951,0.119079589844,4,2
half_detector128,8,1.00,128,4,16384,1825,0.111389160156,8,2
half_detector128,16,1.00,128,4,16384,1585,0.0967407226562,16,2
half_detector128,32,1.00,128,4,16384,1119,0.0682983398438,32,2
half_detector128,64,1.00,128,4,16384,337,0.0205688476562,64,2
half_detector128,96,1.00,128,4,16384,0,0,91,2
half_detector128,128,1.00,128,4,16384,0,0,91,2
half_detector128,144,1.00,128,4,16384,0,0,91,2
half_detector128,160,1.00,128,4,16384,0,0,91,2
half_detector128,192,1.00,128,4,16384,0,0,91,2
half_detector128,224,1.00,128,4,16384,0,0,91,2
half_detector128,240,1.00,128,4,16384,0,0,91,2
half_detector128,248,1.00,128,4,16384,0,0,91,2
half_detector128,256,1.00,128,4,16384,0,0,91,2
half_detector128,1,0.10,256,4,1636,388,0.237163814181,1,0
half_detector128,2,0.10,256,4,1636,370,0.226161369193,2,0
half_detector128,4,0.10,256,4,1636,337,0.205990220049,4,0
half_detector128,8,0.10,256,4,1636,259,0.158312958435,8,0
half_detector128,16,0.10,256,4,1636,122,0.0745721271394,16,0
half_detector128,32,0.10,256,4,1636,0,0,25,0
half_detector128,64,0.10,256,4,1636,0,0,25,0
half_detector128,96,0.10,256,4,1636,0,0,25,0
half_detector128,128,0.10,256,4,1636,0,0,25,0
half_detector128,144,0.10,256,4,1636,0,0,25,0
half_detector128,160,0.10,256,4,1636,0,0,25,0
half_detector128,192,0.10,256,4,1636,0,0,25,0
half_detector128,224,0.10,256,4,1636,0,0,25,0
half_detector128,240,0.10,256,4,1636,0,0,25,0
half_detector128,248,0.10,256,4,1636,0,0,25,0
half_detector128,256,0.10,256,4,1636,0,0,25,0
half_detector128,1,0.25,256,4,4096,1009,0.246337890625,1,1
half_detector128,2,0.25,256,4,4096,987,0.240966796875,2,1
half_detector128,4,0.25,256,4,4096,942,0.22998046875,4,1
half_detector128,8,0.25,256,4,4096,849,0.207275390625,8,1
half_detector128,16,0.25,256,4,4096,666,0.16259765625,16,1
half_detector128,32,0.25,256,4,4096,336,0.08203125,32,1
half_detector128,64,0.25,256,4,4096,0,0,56,1
half_detector128,96,0.25,256,4,4096,0,0,56,1
half_detector128,128,0.25,256,4,4096,0,0,56,1
half_detector128,144,0.25,256,4,4096,0,0,56,1
half_detector128,160,0.25,256,4,4096,0,0,56,1
half_detector128,192,0.25,256,4,4096,0,0,56,1
half_detector128,224,0.25,256,4,4096,0,0,56,1
half_detector128,240,0.25,256,4,4096,0,0,56,1
half_detector128,248,0.25,256,4,4096,0,0,56,1
half_detector128,256,0.25,256,4,4096,0,0,56,1
half_detector128,1,0.50,256,4,8192,2024,0.2470703125,1,1
half_detector128,2,0.50,256,4,8192,1993,0.243286132812,2,1
half_detector128,4,0.50,256,4,8192,1924,0.23486328125,4,1
half_detector128,8,0.50,256,4,8192,1802,0.219970703125,8,1
half_detector128,16,0.50,256,4,8192,1572,0.19189453125,16,1
half_detector128,32,0.50,256,4,8192,1101,0.134399414062,32,1
half_detector128,64,0.50,256,4,8192,332,0.04052734375,64,1
half_detector128,96,0.50,256,4,8192,0,0,88,1
half_detector128,128,0.50,256,4,8192,0,0,88,1
half_detector128,144,0.50,256,4,8192,0,0,88,1
half_detector128,160,0.50,256,4,8192,0,0,88,1
half_detector128,192,0.50,256,4,8192,0,0,88,1
half_detector128,224,0.50,256,4,8192,0,0,88,1
half_detector128,240,0.50,256,4,8192,0,0,88,1
half_detector128,248,0.50,256,4,8192,0,0,88,1
half_detector128,256,0.50,256,4,8192,0,0,88,1
half_detector128,1,0.75,256,4,12288,6087,0.495361328125,1,1
half_detector128,2,0.75,256,4,12288,3014,0.245279947917,2,2
half_detector128,4,0.75,256,4,12288,2932,0.238606770833,4,2
half_detector128,8,0.75,256,4,12288,2766,0.22509765625,8,2
half_detector128,16,0.75,256,4,12288,2464,0.200520833333,16,2
half_detector128,32,0.75,256,4,12288,1884,0.1533203125,32,2
half_detector128,64,0.75,256,4,12288,865,0.0703938802083,64,2
half_detector128,96,0.75,256,4,12288,85,0.00691731770833,96,2
half_detector128,128,0.75,256,4,12288,0,0,106,2
half_detector128,144,0.75,256,4,12288,0,0,106,2
half_detector128,160,0.75,256,4,12288,0,0,106,2
half_detector128,192,0.75,256,4,12288,0,0,106,2
half_detector128,224,0.75,256,4,12288,0,0,106,2
half_detector128,240,0.75,256,4,12288,0,0,106,2
half_detector128,248,0.75,256,4,12288,0,0,106,2
half_detector128,256,0.75,256,4,12288,0,0,106,2
half_detector128,1,1.00,256,4,16384,10160,0.6201171875,1,1
half_detector128,2,1.00,256,4,16384,4028,0.245849609375,2,2
half_detector128,4,1.00,256,4,16384,3938,0.240356445312,4,2
half_detector128,8,1.00,256,4,16384,3756,0.229248046875,8,2
half_detector128,16,1.00,256,4,16384,3385,0.206604003906,16,2
half_detector128,32,1.00,256,4,16384,2651,0.161804199219,32,2
half_detector128,64,1.00,256,4,16384,1355,0.0827026367188,64,3
half_detector128,96,1.00,256,4,16384,311,0.0189819335938,96,3
half_detector128,128,1.00,256,4,16384,0,0,114,3
half_detector128,144,1.00,256,4,16384,0,0,114,3
half_detector128,160,1.00,256,4,16384,0,0,114,3
half_detector128,192,1.00,256,4,16384,0,0,114,3
half_detector128,224,1.00,256,4,16384,0,0,114,3
half_detector128,240,1.00,256,4,16384,0,0,114,3
half_detector128,248,1.00,256,4,16384,0,0,114,3
half_detector128,256,1.00,256,4,16384,0,0,114,3
uniform256,1,0.10,0,4,1636,0,0,1,0
uniform256,2,0.10,0,4,1636,0,0,1,0
uniform256,4,0.10,0,4,1636,0,0,1,0
uniform256,8,0.10,0,4,1636,0,0,1,0
uniform256,16,0.10,0,4,1636,0,0,1,0
uniform256,32,0.10,0,4,1636,0,0,1,0
uniform256,64,0.10,0,4,1636,0,0,1,0
uniform256,96,0.10,0,4,1636,0,0,1,0
uniform256,128,0.10,0,4,1636,0,0,1,0
uniform256,144,0.10,0,4,1636,0,0,1,0
uniform256,160,0.10,0,4,1636,0,0,1,0
uniform256,192,0.10,0,4,1636,0,0,1,0
uniform256,224,0.10,0,4,1636,0,0,1,0
uniform256,240,0.10,0,4,1636,0,0,1,0
uniform256,248,0.10,0,4,1636,0,0,1,0
uniform256,256,0.10,0,4,1636,0,0,1,0
uniform256,1,0.25,0,4,4096,0,0,1,1
uniform256,2,0.25,0,4,4096,0,0,1,1
uniform256,4,0.25,0,4,4096,0,0,1,1
uniform256,8,0.25,0,4,4096,0,0,1,1
uniform256,16,0.25,0,4,4096,0,0,1,1
uniform256,32,0.25,0,4,4096,0,0,1,1
uniform256,64,0.25,0,4,4096,0,0,1,1
uniform256,96,0.25,0,4,4096,0,0,1,1
uniform256,128,0.25,0,4,4096,0,0,1,1
uniform256,144,0.25,0,4,4096,0,0,1,1
uniform256,160,0.25,0,4,4096,0,0,1,1
uniform256,192,0.25,0,4,4096,0,0,1,1
uniform256,224,0.25,0,4,4096,0,0,1,1
uniform256,240,0.25,0,4,4096,0,0,1,1
uniform256,248,0.25,0,4,4096,0,0,1,1
uniform256,256,0.25,0,4,4096,0,0,1,1
uniform256,1,0.50,0,4,8192,0,0,1,1
uniform256,2,0.50,0,4,8192,0,0,1,1
uniform256,4,0.50,0,4,8192,0,0,1,1
uniform256,8,0.50,0,4,8192,0,0,1,1
uniform256,16,0.50,0,4,8192,0,0,1,1
uniform256,32,0.50,0,4,8192,0,0,1,1
uniform256,64,0.50,0,4,8192,0,0,1,1
uniform256,96,0.50,0,4,8192,0,0,1,1
uniform256,128,0.50,0,4,8192,0,0,1,1
uniform256,144,0.50,0,4,8192,0,0,1,1
uniform256,160,0.50,0,4,8192,0,0,1,1
uniform256,192,0.50,0,4,8192,0,0,1,1
uniform256,224,0.50,0,4,8192,0,0,1,1
uniform256,240,0.50,0,4,8192,0,0,1,1
uniform256,248,0.50,0,4,8192,0,0,1,1
uniform256,256,0.50,0,4,8192,0,0,1,1
uniform256,1,0.75,0,4,12288,4070,0.331217447917,1,1
uniform256,2,0.75,0,4,12288,0,0,2,2
uniform256,4,0.75,0,4,12288,0,0,2,2
uniform256,8,0.75,0,4,12288,0,0,2,2
uniform256,16,0.75,0,4,12288,0,0,2,2
uniform256,32,0.75,0,4,12288,0,0,2,2
uniform256,64,0.75,0,4,12288,0,0,2,2
uniform256,96,0.75,0,4,12288,0,0,2,2
uniform256,128,0.75,0,4,12288,0,0,2,2
uniform256,144,0.75,0,4,12288,0,0,2,2
uniform256,160,0.75,0,4,12288,0,0,2,2
uniform256,192,0.75,0,4,12288,0,0,2,2
uniform256,224,0.75,0,4,12288,0,0,2,2
uniform256,240,0.75,0,4,12288,0,0,2,2
uniform256,248,0.75,0,4,12288,0,0,2,2
uniform256,256,0.75,0,4,12288,0,0,2,2
uniform256,1,1.00,0,4,16384,8157,0.497863769531,1,1
uniform256,2,1.00,0,4,16384,0,0,2,2
uniform256,4,1.00,0,4,16384,0,0,2,2
uniform256,8,1.00,0,4,16384,0,0,2,2
uniform256,16,1.00,0,4,16384,0,0,2,2
uniform256,32,1.00,0,4,16384,0,0,2,2
uniform256,64,1.00,0,4,16384,0,0,2,2
uniform256,96,1.00,0,4,16384,0,0,2,2
uniform256,128,1.00,0,4,16384,0,0,2,2
uniform256,144,1.00,0,4,16384,0,0,2,2
uniform256,160,1.00,0,4,16384,0,0,2,2
uniform256,192,1.00,0,4,16384,0,0,2,2
uniform256,224,1.00,0,4,16384,0,0,2,2
uniform256,240,1.00,0,4,16384,0,0,2,2
uniform256,248,1.00,0,4,16384,0,0,2,2
uniform256,256,1.00,0,4,16384,0,0,2,2
uniform256,1,0.10,64,4,1636,87,0.0531784841076,1,0
uniform256,2,0.10,64,4,1636,70,0.0427872860636,2,0
uniform256,4,0.10,64,4,1636,38,0.0232273838631,4,0
uniform256,8,0.10,64,4,1636,0,0,7,0
uniform256,16,0.10,64,4,1636,0,0,7,0
uniform256,32,0.10,64,4,1636,0,0,7,0
uniform256,64,0.10,64,4,1636,0,0,7,0
uniform256,96,0.10,64,4,1636,0,0,7,0
uniform256,128,0.10,64,4,1636,0,0,7,0
uniform256,144,0.10,64,4,1636,0,0,7,0
uniform256,160,0.10,64,4,1636,0,0,7,0
uniform256,192,0.10,64,4,1636,0,0,7,0
uniform256,224,0.10,64,4,1636,0,0,7,0
uniform256,240,0.10,64,4,1636,0,0,7,0
uniform256,248,0.10,64,4,1636,0,0,7,0
uniform256,256,0.10,64,4,1636,0,0,7,0
uniform256,1,0.25,64,4,4096,250,0.06103515625,1,1
uniform256,2,0.25,64,4,4096,232,0.056640625,2,1
uniform256,4,0.25,64,4,4096,200,0.048828125,4,1
uniform256,8,0.25,64,4,4096,134,0.03271484375,8,1
uniform256,16,0.25,64,4,4096,9,0.002197265625,16,1
uniform256,32,0.25,64,4,4096,0,0,17,1
uniform256,64,0.25,64,4,4096,0,0,17,1
uniform256,96,0.25,64,4,4096,0,0,17,1
uniform256,128,0.25,64,4,4096,0,0,17,1
uniform256,144,0.25,64,4,4096,0,0,17,1
uniform256,160,0.25,64,4,4096,0,0,17,1
uniform256,192,0.25,64,4,4096,0,0,17,1
uniform256,224,0.25,64,4,4096,0,0,17,1
uniform256,240,0.25,64,4,4096,0,0,17,1
uniform256,248,0.25,64,4,4096,0,0,17,1
uniform256,256,0.25,64,4,4096,0,0,17,1
uniform256,1,0.50,64,4,8192,508,0.06201171875,1,1
uniform256,2,0.50,64,4,8192,489,0.0596923828125,2,1
uniform256,4,0.50,64,4,8192,454,0.055419921875,4,1
uniform256,8,0.50,64,4,8192,383,0.0467529296875,8,1
uniform256,16,0.50,64,4,8192,250,0.030517578125,16,1
uniform256,32,0.50,64,4,8192,3,0.0003662109375,32,1
uniform256,64,0.50,64,4,8192,0,0,33,1
uniform256,96,0.50,64,4,8192,0,0,33,1
uniform256,128,0.50,64,4,8192,0,0,33,1
uniform256,144,0.50,64,4,8192,0,0,33,1
uniform256,160,0.50,64,4,8192,0,0,33,1
uniform256,192,0.50,64,4,8192,0,0,33,1
uniform256,224,0.50,64,4,8192,0,0,33,1
uniform256,240,0.50,64,4,8192,0,0,33,1
uniform256,248,0.50,64,4,8192,0,0,33,1
uniform256,256,0.50,64,4,8192,0,0,33,1
uniform256,1,0.75,64,4,12288,4580,0.372721354167,1,1
uniform256,2,0.75,64,4,12288,749,0.0609537760417,2,2
uniform256,4,0.75,64,4,12288,713,0.0580240885417,4,2
uniform256,8,0.75,64,4,12288,638,0.0519205729167,8,2
uniform256,16,0.75,64,4,12288,484,0.0393880208333,16,2
uniform256,32,0.75,64,4,12288,206,0.0167643229167,32,2
uniform256,64,0.75,64,4,12288,0,0,48,2
uniform256,96,0.75,64,4,12288,0,0,48,2
uniform256,128,0.75,64,4,12288,0,0,48,2
uniform256,144,0.75,64,4,12288,0,0,48,2
uniform256,160,0.75,64,4,12288,0,0,48,2
uniform256,192,0.75,64,4,12288,0,0,48,2
uniform256,224,0.75,64,4,12288,0,0,48,2
uniform256,240,0.75,64,4,12288,0,0,48,2
uniform256,248,0.75,64,4,12288,0,0,48,2
uniform256,256,0.75,64,4,12288,0,0,48,2
uniform256,1,1.00,64,4,16384,8672,0.529296875,1,1
uniform256,2,1.00,64,4,16384,1013,0.0618286132812,2,2
uniform256,4,1.00,64,4,16384,977,0.0596313476562,4,2
uniform256,8,1.00,64,4,16384,896,0.0546875,8,2
uniform256,16,1.00,64,4,16384,745,0.0454711914062,16,2
uniform256,32,1.00,64,4,16384,447,0.0272827148438,32,2
uniform256,64,1.00,64,4,16384,1,6.103515625e-05,64,2
uniform256,96,1.00,64,4,16384,0,0,65,2
uniform256,128,1.00,64,4,16384,0,0,65,2
uniform256,144,1.00,64,4,16384,0,0,65,2
uniform256,160,1.00,64,4,16384,0,0,65,2
uniform256,192,1.00,64,4,16384,0,0,65,2
uniform256,224,1.00,64,4,16384,0,0,65,2
uniform256,240,1.00,64,4,16384,0,0,65,2
uniform256,248,1.00,64,4,16384,0,0,65,2
uniform256,256,1.00,64,4,16384,0,0,65,2
uniform256,1,0.10,128,4,1636,188,0.114914425428,1,0
uniform256,2,0.10,128,4,1636,172,0.105134474328,2,0
uniform256,4,0.10,128,4,1636,138,0.0843520782396,4,0
uniform256,8,0.10,128,4,1636,74,0.0452322738386,8,0
uniform256,16,0.10,128,4,1636,0,0,13,0
uniform256,32,0.10,128,4,1636,0,0,13,0
uniform256,64,0.10,128,4,1636,0,0,13,0
uniform256,96,0.10,128,4,1636,0,0,13,0
uniform256,128,0.10,128,4,1636,0,0,13,0
uniform256,144,0.10,128,4,1636,0,0,13,0
uniform256,160,0.10,128,4,1636,0,0,13,0
uniform256,192,0.10,128,4,1636,0,0,13,0
uniform256,224,0.10,128,4,1636,0,0,13,0
uniform256,240,0.10,128,4,1636,0,0,13,0
uniform256,248,0.10,128,4,1636,0,0,13,0
uniform256,256,0.10,128,4,1636,0,0,13,0
uniform256,1,0.25,128,4,4096,507,0.123779296875,1,1
uniform256,2,0.25,128,4,4096,489,0.119384765625,2,1
uniform256,4,0.25,128,4,4096,456,0.111328125,4,1
uniform256,8,0.25,128,4,4096,389,0.094970703125,8,1
uniform256,16,0.25,128,4,4096,250,0.06103515625,16,1
uniform256,32,0.25,128,4,4096,4,0.0009765625,32,1
uniform256,64,0.25,128,4,4096,0,0,33,1
uniform256,96,0.25,128,4,4096,0,0,33,1
uniform256,128,0.25,128,4,4096,0,0,33,1
uniform256,144,0.25,128,4,4096,0,0,33,1
uniform256,160,0.25,128,4,4096,0,0,33,1
uniform256,192,0.25,128,4,4096,0,0,33,1
uniform256,224,0.25,128,4,4096,0,0,33,1
uniform256,240,0.25,128,4,4096,0,0,33,1
uniform256,248,0.25,128,4,4096,0,0,33,1
uniform256,256,0.25,128,4,4096,0,0,33,1
uniform256,1,0.50,128,4,8192,1016,0.1240234375,1,1
uniform256,2,0.50,128,4,8192,997,0.121704101562,2,1
uniform256,4,0.50,128,4,8192,957,0.116821289062,4,1
uniform256,8,0.50,128,4,8192,882,0.107666015625,8,1
uniform256,16,0.50,128,4,8192,724,0.08837890625,16,1
uniform256,32,0.50,128,4,8192,426,0.052001953125,32,1
uniform256,64,0.50,128,4,8192,0,0,62,1
uniform256,96,0.50,128,4,8192,0,0,62,1
uniform256,128,0.50,128,4,8192,0,0,62,1
uniform256,144,0.50,128,4,8192,0,0,62,1
uniform256,160,0.50,128,4,8192,0,0,62,1
uniform256,192,0.50,128,4,8192,0,0,62,1
uniform256,224,0.50,128,4,8192,0,0,62,1
uniform256,240,0.50,128,4,8192,0,0,62,1
uniform256,248,0.50,128,4,8192,0,0,62,1
uniform256,256,0.50,128,4,8192,0,0,62,1
uniform256,1,0.75,128,4,12288,5093,0.414469401042,1,1
uniform256,2,0.75,128,4,12288,1521,0.123779296875,2,2
uniform256,4,0.75,128,4,12288,1478,0.120279947917,4,2
uniform256,8,0.75,128,4,12288,1386,0.11279296875,8,2
uniform256,16,0.75,128,4,12288,1217,0.0990397135417,16,2
uniform256,32,0.75,128,4,12288,897,0.072998046875,32,2
uniform256,64,0.75,128,4,12288,307,0.0249837239583,64,2
uniform256,96,0.75,128,4,12288,0,0,87,2
uniform256,128,0.75,128,4,12288,0,0,87,2
uniform256,144,0.75,128,4,12288,0,0,87,2
uniform256,160,0.75,128,4,12288,0,0,87,2
uniform256,192,0.75,128,4,12288,0,0,87,2
uniform256,224,0.75,128,4,12288,0,0,87,2
uniform256,240,0.75,128,4,12288,0,0,87,2
uniform256,248,0.75,128,4,12288,0,0,87,2
uniform256,256,0.75,128,4,12288,0,0,87,2
uniform256,1,1.00,128,4,16384,9170,0.559692382812,1,1
uniform256,2,1.00,128,4,16384,2020,0.123291015625,2,2
uniform256,4,1.00,128,4,16384,1981,0.120910644531,4,2
uniform256,8,1.00,128,4,16384,1893,0.115539550781,8,2
uniform256,16,1.00,128,4,16384,1708,0.104248046875,16,2
uniform256,32,1.00,128,4,16384,1350,0.0823974609375,32,3
uniform256,64,1.00,128,4,16384,693,0.0422973632812,64,4
uniform256,96,1.00,128,4,16384,123,0.00750732421875,96,7
uniform256,128,1.00,128,4,16384,0,0,110,7
uniform256,144,1.00,128,4,16384,0,0,110,7
uniform256,160,1.00,128,4,16384,0,0,110,7
uniform256,192,1.00,128,4,16384,0,0,110,7
uniform256,224,1.00,128,4,16384,0,0,110,7
uniform256,240,1.00,128,4,16384,0,0,110,7
uniform256,248,1.00,128,4,16384,0,0,110,7
uniform256,256,1.00,128,4,16384,0,0,110,7
uniform256,1,0.10,256,4,1636,390,0.238386308068,1,0
uniform256,2,0.10,256,4,1636,373,0.227995110024,2,0
uniform256,4,0.10,256,4,1636,340,0.20782396088,4,0
uniform256,8,0.10,256,4,1636,266,0.162591687042,8,0
uniform256,16,0.10,256,4,1636,135,0.0825183374083,16,0
uniform256,32,0.10,256,4,1636,0,0,26,0
uniform256,64,0.10,256,4,1636,0,0,26,0
uniform256,96,0.10,256,4,1636,0,0,26,0
uniform256,128,0.10,256,4,1636,0,0,26,0
uniform256,144,0.10,256,4,1636,0,0,26,0
uniform256,160,0.10,256,4,1636,0,0,26,0
uniform256,192,0.10,256,4,1636,0,0,26,0
uniform256,224,0.10,256,4,1636,0,0,26,0
uniform256,240,0.10,256,4,1636,0,0,26,0
uniform256,248,0.10,256,4,1636,0,0,26,0
uniform256,256,0.10,256,4,1636,0,0,26,0
uniform256,1,0.25,256,4,4096,1014,0.24755859375,1,1
uniform256,2,0.25,256,4,4096,994,0.24267578125,2,1
uniform256,4,0.25,256,4,4096,955,0.233154296875,4,1
uniform256,8,0.25,256,4,4096,877,0.214111328125,8,1
uniform256,16,0.25,256,4,4096,721,0.176025390625,16,1
uniform256,32,0.25,256,4,4096,428,0.1044921875,32,1
uniform256,64,0.25,256,4,4096,0,0,62,1
uniform256,96,0.25,256,4,4096,0,0,62,1
uniform256,128,0.25,256,4,4096,0,0,62,1
uniform256,144,0.25,256,4,4096,0,0,62,1
uniform256,160,0.25,256,4,4096,0,0,62,1
uniform256,192,0.25,256,4,4096,0,0,62,1
uniform256,224,0.25,256,4,4096,0,0,62,1
uniform256,240,0.25,256,4,4096,0,0,62,1
uniform256,248,0.25,256,4,4096,0,0,62,1
uniform256,256,0.25,256,4,4096,0,0,62,1
uniform256,1,0.50,256,4,8192,2035,0.248413085938,1,1
uniform256,2,0.50,256,4,8192,2011,0.245483398438,2,1
uniform256,4,0.50,256,4,8192,1960,0.2392578125,4,1
uniform256,8,0.50,256,4,8192,1871,0.228393554688,8,1
uniform256,16,0.50,256,4,8192,1691,0.206420898438,16,1
uniform256,32,0.50,256,4,8192,1327,0.161987304688,32,1
uniform256,64,0.50,256,4,8192,685,0.0836181640625,64,1
uniform256,96,0.50,256,4,8192,105,0.0128173828125,96,1
uniform256,128,0.50,256,4,8192,0,0,110,1
uniform256,144,0.50,256,4,8192,0,0,110,1
uniform256,160,0.50,256,4,8192,0,0,110,1
uniform256,192,0.50,256,4,8192,0,0,110,1
uniform256,224,0.50,256,4,8192,0,0,110,1
uniform256,240,0.50,256,4,8192,0,0,110,1
uniform256,248,0.50,256,4,8192,0,0,110,1
uniform256,256,0.50,256,4,8192,0,0,110,1
uniform256,1,0.75,256,4,12288,6114,0.49755859375,1,1
uniform256,2,0.75,256,4,12288,3039,0.247314453125,2,2
uniform256,4,0.75,256,4,12288,2983,0.242757161458,4,2
uniform256,8,0.75,256,4,12288,2865,0.233154296875,8,2
uniform256,16,0.75,256,4,12288,2654,0.215983072917,16,2
uniform256,32,0.75,256,4,12288,2229,0.181396484375,32,2
uniform256,64,0.75,256,4,12288,1460,0.118815104167,64,2
uniform256,96,0.75,256,4,12288,748,0.0608723958333,96,2
uniform256,128,0.75,256,4,12288,138,0.01123046875,128,2
uniform256,144,0.75,256,4,12288,1,8.13802083333e-05,144,2
uniform256,160,0.75,256,4,12288,0,0,145,2
uniform256,192,0.75,256,4,12288,0,0,145,2
uniform256,224,0.75,256,4,12288,0,0,145,2
uniform256,240,0.75,256,4,12288,0,0,145,2
uniform256,248,0.75,256,4,12288,0,0,145,2
uniform256,256,0.75,256,4,12288,0,0,145,2
uniform256,1,1.00,256,4,16384,10200,0.62255859375,1,1
uniform256,2,1.00,256,4,16384,4056,0.24755859375,2,2
uniform256,4,1.00,256,4,16384,3983,0.243103027344,4,2
uniform256,8,1.00,256,4,16384,3868,0.236083984375,8,3
uniform256,16,1.00,256,4,16384,3615,0.220642089844,16,4
uniform256,32,1.00,256,4,16384,3119,0.190368652344,32,5
uniform256,64,1.00,256,4,16384,2225,0.135803222656,64,6
uniform256,96,1.00,256,4,16384,1414,0.0863037109375,96,10
uniform256,128,1.00,256,4,16384,649,0.0396118164062,128,10
uniform256,144,1.00,256,4,16384,338,0.0206298828125,144,11
uniform256,160,1.00,256,4,16384,63,0.00384521484375,160,12
uniform256,192,1.00,256,4,16384,0,0,172,14
uniform256,224,1.00,256,4,16384,0,0,172,14
uniform256,240,1.00,256,4,16384,0,0,172,14
uniform256,248,1.00,256,4,16384,0,0,172,14
uniform256,256,1.00,256,4,16384,0,0,172,14
sequential256,1,0.10,0,4,1636,0,0,1,0
sequential256,2,0.10,0,4,1636,0,0,1,0
sequential256,4,0.10,0,4,1636,0,0,1,0
sequential256,8,0.10,0,4,1636,0,0,1,0
sequential256,16,0.10,0,4,1636,0,0,1,0
sequential256,32,0.10,0,4,1636,0,0,1,0
sequential256,64,0.10,0,4,1636,0,0,1,0
sequential256,96,0.10,0,4,1636,0,0,1,0
sequential256,128,0.10,0,4,1636,0,0,1,0
sequential256,144,0.10,0,4,1636,0,0,1,0
sequential256,160,0.10,0,4,1636,0,0,1,0
sequential256,192,0.10,0,4,1636,0,0,1,0
sequential256,224,0.10,0,4,1636,0,0,1,0
sequential256,240,0.10,0,4,1636,0,0,1,0
sequential256,248,0.10,0,4,1636,0,0,1,0
sequential256,256,0.10,0,4,1636,0,0,1,0
sequential256,1,0.25,0,4,4096,0,0,1,1
sequential256,2,0.25,0,4,4096,0,0,1,1
sequential256,4,0.25,0,4,4096,0,0,1,1
sequential256,8,0.25,0,4,4096,0,0,1,1
sequential256,16,0.25,0,4,4096,0,0,1,1
sequential256,32,0.25,0,4,4096,0,0,1,1
sequential256,64,0.25,0,4,4096,0,0,1,1
sequential256,96,0.25,0,4,4096,0,0,1,1
sequential256,128,0.25,0,4,4096,0,0,1,1
sequential256,144,0.25,0,4,4096,0,0,1,1
sequential256,160,0.25,0,4,4096,0,0,1,1
sequential256,192,0.25,0,4,4096,0,0,1,1
sequential256,224,0.25,0,4,4096,0,0,1,1
sequential256,240,0.25,0,4,4096,0,0,1,1
sequential256,248,0.25,0,4,4096,0,0,1,1
sequential256,256,0.25,0,4,4096,0,0,1,1
sequential256,1,0.50,0,4,8192,0,0,1,1
sequential256,2,0.50,0,4,8192,0,0,1,1
sequential256,4,0.50,0,4,8192,0,0,1,1
sequential256,8,0.50,0,4,8192,0,0,1,1
sequential256,16,0.50,0,4,8192,0,0,1,1
sequential256,32,0.50,0,4,8192,0,0,1,1
sequential256,64,0.50,0,4,8192,0,0,1,1
sequential256,96,0.50,0,4,8192,0,0,1,1
sequential256,128,0.50,0,4,8192,0,0,1,1
sequential256,144,0.50,0,4,8192,0,0,1,1
sequential256,160,0.50,0,4,8192,0,0,1,1
sequential256,192,0.50,0,4,8192,0,0,1,1
sequential256,224,0.50,0,4,8192,0,0,1,1
sequential256,240,0.50,0,4,8192,0,0,1,1
sequential256,248,0.50,0,4,8192,0,0,1,1
sequential256,256,0.50,0,4,8192,0,0,1,1
sequential256,1,0.75,0,4,12288,4096,0.333333333333,1,1
sequential256,2,0.75,0,4,12288,0,0,2,2
sequential256,4,0.75,0,4,12288,0,0,2,2
sequential256,8,0.75,0,4,12288,0,0,2,2
sequential256,16,0.75,0,4,12288,0,0,2,2
sequential256,32,0.75,0,4,12288,0,0,2,2
sequential256,64,0.75,0,4,12288,0,0,2,2
sequential256,96,0.75,0,4,12288,0,0,2,2
sequential256,128,0.75,0,4,12288,0,0,2,2
sequential256,144,0.75,0,4,12288,0,0,2,2
sequential256,160,0.75,0,4,12288,0,0,2,2
sequential256,192,0.75,0,4,12288,0,0,2,2
sequential256,224,0.75,0,4,12288,0,0,2,2
sequential256,240,0.75,0,4,12288,0,0,2,2
sequential256,248,0.75,0,4,12288,0,0,2,2
sequential256,256,0.75,0,4,12288,0,0,2,2
sequential256,1,1.00,0,4,16384,8192,0.5,1,1
sequential256,2,1.00,0,4,16384,0,0,2,2
sequential256,4,1.00,0,4,16384,0,0,2,2
sequential256,8,1.00,0,4,16384,0,0,2,2
sequential256,16,1.00,0,4,16384,0,0,2,2
sequential256,32,1.00,0,4,16384,0,0,2,2
sequential256,64,1.00,0,4,16384,0,0,2,2
sequential256,96,1.00,0,4,16384,0,0,2,2
sequential256,128,1.00,0,4,16384,0,0,2,2
sequential256,144,1.00,0,4,16384,0,0,2,2
sequential256,160,1.00,0,4,16384,0,0,2,2
sequential256,192,1.00,0,4,16384,0,0,2,2
sequential256,224,1.00,0,4,16384,0,0,2,2
sequential256,240,1.00,0,4,16384,0,0,2,2
sequential256,248,1.00,0,4,16384,0,0,2,2
sequential256,256,1.00,0,4,16384,0,0,2,2
sequential256,1,0.10,64,4,1636,88,0.0537897310513,1,0
sequential256,2,0.10,64,4,1636,72,0.0440097799511,2,0
sequential256,4,0.10,64,4,1636,40,0.0244498777506,4,0
sequential256,8,0.10,64,4,1636,0,0,7,0
sequential256,16,0.10,64,4,1636,0,0,7,0
sequential256,32,0.10,64,4,1636,0,0,7,0
sequential256,64,0.10,64,4,1636,0,0,7,0
sequential256,96,0.10,64,4,1636,0,0,7,0
sequential256,128,0.10,64,4,1636,0,0,7,0
sequential256,144,0.10,64,4,1636,0,0,7,0
sequential256,160,0.10,64,4,1636,0,0,7,0
sequential256,192,0.10,64,4,1636,0,0,7,0
sequential256,224,0.10,64,4,1636,0,0,7,0
sequential256,240,0.10,64,4,1636,0,0,7,0
sequential256,248,0.10,64,4,1636,0,0,7,0
sequential256,256,0.10,64,4,1636,0,0,7,0
sequential256,1,0.25,64,4,4096,252,0.0615234375,1,1
sequential256,2,0.25,64,4,4096,236,0.0576171875,2,1
sequential256,4,0.25,64,4,4096,204,0.0498046875,4,1
sequential256,8,0.25,64,4,4096,140,0.0341796875,8,1
sequential256,16,0.25,64,4,4096,12,0.0029296875,16,1
sequential256,32,0.25,64,4,4096,0,0,17,1
sequential256,64,0.25,64,4,4096,0,0,17,1
sequential256,96,0.25,64,4,4096,0,0,17,1
sequential256,128,0.25,64,4,4096,0,0,17,1
sequential256,144,0.25,64,4,4096,0,0,17,1
sequential256,160,0.25,64,4,4096,0,0,17,1
sequential256,192,0.25,64,4,4096,0,0,17,1
sequential256,224,0.25,64,4,4096,0,0,17,1
sequential256,240,0.25,64,4,4096,0,0,17,1
sequential256,248,0.25,64,4,4096,0,0,17,1
sequential256,256,0.25,64,4,4096,0,0,17,1
sequential256,1,0.50,64,4,8192,508,0.06201171875,1,1
sequential256,2,0.50,64,4,8192,492,0.06005859375,2,1
sequential256,4,0.50,64,4,8192,460,0.05615234375,4,1
sequential256,8,0.50,64,4,8192,396,0.04833984375,8,1
sequential256,16,0.50,64,4,8192,268,0.03271484375,16,1
sequential256,32,0.50,64,4,8192,12,0.00146484375,32,1
sequential256,64,0.50,64,4,8192,0,0,33,1
sequential256,96,0.50,64,4,8192,0,0,33,1
sequential256,128,0.50,64,4,8192,0,0,33,1
sequential256,144,0.50,64,4,8192,0,0,33,1
sequential256,160,0.50,64,4,8192,0,0,33,1
sequential256,192,0.50,64,4,8192,0,0,33,1
sequential256,224,0.50,64,4,8192,0,0,33,1
sequential256,240,0.50,64,4,8192,0,0,33,1
sequential256,248,0.50,64,4,8192,0,0,33,1
sequential256,256,0.50,64,4,8192,0,0,33,1
sequential256,1,0.75,64,4,12288,4604,0.374674479167,1,1
sequential256,2,0.75,64,4,12288,760,0.0618489583333,2,2
sequential256,4,0.75,64,4,12288,728,0.0592447916667,4,2
sequential256,8,0.75,64,4,12288,664,0.0540364583333,8,2
sequential256,16,0.75,64,4,12288,536,0.0436197916667,16,2
sequential256,32,0.75,64,4,12288,280,0.0227864583333,32,2
sequential256,64,0.75,64,4,12288,0,0,50,2
sequential256,96,0.75,64,4,12288,0,0,50,2
sequential256,128,0.75,64,4,12288,0,0,50,2
sequential256,144,0.75,64,4,12288,0,0,50,2
sequential256,160,0.75,64,4,12288,0,0,50,2
sequential256,192,0.75,64,4,12288,0,0,50,2
sequential256,224,0.75,64,4,12288,0,0,50,2
sequential256,240,0.75,64,4,12288,0,0,50,2
sequential256,248,0.75,64,4,12288,0,0,50,2
sequential256,256,0.75,64,4,12288,0,0,50,2
sequential256,1,1.00,64,4,16384,8700,0.531005859375,1,1
sequential256,2,1.00,64,4,16384,1016,0.06201171875,2,2
sequential256,4,1.00,64,4,16384,1008,0.0615234375,4,4
sequential256,8,1.00,64,4,16384,992,0.060546875,8,8
sequential256,16,1.00,64,4,16384,960,0.05859375,16,16
sequential256,32,1.00,64,4,16384,896,0.0546875,32,32
sequential256,64,1.00,64,4,16384,768,0.046875,64,64
sequential256,96,1.00,64,4,16384,640,0.0390625,96,96
sequential256,128,1.00,64,4,16384,512,0.03125,128,128
sequential256,144,1.00,64,4,16384,448,0.02734375,144,144
sequential256,160,1.00,64,4,16384,384,0.0234375,160,160
sequential256,192,1.00,64,4,16384,256,0.015625,192,192
sequential256,224,1.00,64,4,16384,128,0.0078125,224,224
sequential256,240,1.00,64,4,16384,64,0.00390625,240,240
sequential256,248,1.00,64,4,16384,32,0.001953125,248,248
sequential256,256,1.00,64,4,16384,0,0,256,256
sequential256,1,0.10,128,4,1636,188,0.114914425428,1,0
sequential256,2,0.10,128,4,1636,172,0.105134474328,2,0
sequential256,4,0.10,128,4,1636,140,0.0855745721271,4,0
sequential256,8,0.10,128,4,1636,76,0.0464547677262,8,0
sequential256,16,0.10,128,4,1636,0,0,13,0
sequential256,32,0.10,128,4,1636,0,0,13,0
sequential256,64,0.10,128,4,1636,0,0,13,0
sequential256,96,0.10,128,4,1636,0,0,13,0
sequential256,128,0.10,128,4,1636,0,0,13,0
sequential256,144,0.10,128,4,1636,0,0,13,0
sequential256,160,0.10,128,4,1636,0,0,13,0
sequential256,192,0.10,128,4,1636,0,0,13,0
sequential256,224,0.10,128,4,1636,0,0,13,0
sequential256,240,0.10,128,4,1636,0,0,13,0
sequential256,248,0.10,128,4,1636,0,0,13,0
sequential256,256,0.10,128,4,1636,0,0,13,0
sequential256,1,0.25,128,4,4096,508,0.1240234375,1,1
sequential256,2,0.25,128,4,4096,492,0.1201171875,2,1
sequential256,4,0.25,128,4,4096,460,0.1123046875,4,1
sequential256,8,0.25,128,4,4096,396,0.0966796875,8,1
sequential256,16,0.25,128,4,4096,268,0.0654296875,16,1
sequential256,32,0.25,128,4,4096,12,0.0029296875,32,1
sequential256,64,0.25,128,4,4096,0,0,33,1
sequential256,96,0.25,128,4,4096,0,0,33,1
sequential256,128,0.25,128,4,4096,0,0,33,1
sequential256,144,0.25,128,4,4096,0,0,33,1
sequential256,160,0.25,128,4,4096,0,0,33,1
sequential256,192,0.25,128,4,4096,0,0,33,1
sequential256,224,0.25,128,4,4096,0,0,33,1
sequential256,240,0.25,128,4,4096,0,0,33,1
sequential256,248,0.25,128,4,4096,0,0,33,1
sequential256,256,0.25,128,4,4096,0,0,33,1
sequential256,1,0.50,128,4,8192,1020,0.12451171875,1,1
sequential256,2,0.50,128,4,8192,1004,0.12255859375,2,1
sequential256,4,0.50,128,4,8192,972,0.11865234375,4,1
sequential256,8,0.50,128,4,8192,908,0.11083984375,8,1
sequential256,16,0.50,128,4,8192,780,0.09521484375,16,1
sequential256,32,0.50,128,4,8192,524,0.06396484375,32,1
sequential256,64,0.50,128,4,8192,12,0.00146484375,64,1
sequential256,96,0.50,128,4,8192,0,0,65,1
sequential256,128,0.50,128,4,8192,0,0,65,1
sequential256,144,0.50,128,4,8192,0,0,65,1
sequential256,160,0.50,128,4,8192,0,0,65,1
sequential256,192,0.50,128,4,8192,0,0,65,1
sequential256,224,0.50,128,4,8192,0,0,65,1
sequential256,240,0.50,128,4,8192,0,0,65,1
sequential256,248,0.50,128,4,8192,0,0,65,1
sequential256,256,0.50,128,4,8192,0,0,65,1
sequential256,1,0.75,128,4,12288,5116,0.416341145833,1,1
sequential256,2,0.75,128,4,12288,1528,0.124348958333,2,2
sequential256,4,0.75,128,4,12288,1496,0.121744791667,4,2
sequential256,8,0.75,128,4,12288,1432,0.116536458333,8,2
sequential256,16,0.75,128,4,12288,1304,0.106119791667,16,2
sequential256,32,0.75,128,4,12288,1048,0.0852864583333,32,2
sequential256,64,0.75,128,4,12288,536,0.0436197916667,64,2
sequential256,96,0.75,128,4,12288,24,0.001953125,96,2
sequential256,128,0.75,128,4,12288,0,0,98,2
sequential256,144,0.75,128,4,12288,0,0,98,2
sequential256,160,0.75,128,4,12288,0,0,98,2
sequential256,192,0.75,128,4,12288,0,0,98,2
sequential256,224,0.75,128,4,12288,0,0,98,2
sequential256,240,0.75,128,4,12288,0,0,98,2
sequential256,248,0.75,128,4,12288,0,0,98,2
sequential256,256,0.75,128,4,12288,0,0,98,2
sequential256,1,1.00,128,4,16384,9212,0.562255859375,1,1
sequential256,2,1.00,128,4,16384,2040,0.12451171875,2,2
sequential256,4,1.00,128,4,16384,2032,0.1240234375,4,4
sequential256,8,1.00,128,4,16384,2016,0.123046875,8,8
sequential256,16,1.00,128,4,16384,1984,0.12109375,16,16
sequential256,32,1.00,128,4,16384,1920,0.1171875,32,32
sequential256,64,1.00,128,4,16384,1792,0.109375,64,64
sequential256,96,1.00,128,4,16384,1664,0.1015625,96,96
sequential256,128,1.00,128,4,16384,1536,0.09375,128,128
sequential256,144,1.00,128,4,16384,896,0.0546875,144,144
sequential256,160,1.00,128,4,16384,768,0.046875,160,160
sequential256,192,1.00,128,4,16384,512,0.03125,192,192
sequential256,224,1.00,128,4,16384,256,0.015625,224,224
sequential256,240,1.00,128,4,16384,128,0.0078125,240,240
sequential256,248,1.00,128,4,16384,64,0.00390625,248,248
sequential256,256,1.00,128,4,16384,0,0,256,256
sequential256,1,0.10,256,4,1636,392,0.239608801956,1,0
sequential256,2,0.10,256,4,1636,376,0.229828850856,2,0
sequential256,4,0.10,256,4,1636,344,0.210268948655,4,0
sequential256,8,0.10,256,4,1636,280,0.171149144254,8,0
sequential256,16,0.10,256,4,1636,152,0.0929095354523,16,0
sequential256,32,0.10,256,4,1636,0,0,26,0
sequential256,64,0.10,256,4,1636,0,0,26,0
sequential256,96,0.10,256,4,1636,0,0,26,0
sequential256,128,0.10,256,4,1636,0,0,26,0
sequential256,144,0.10,256,4,1636,0,0,26,0
sequential256,160,0.10,256,4,1636,0,0,26,0
sequential256,192,0.10,256,4,1636,0,0,26,0
sequential256,224,0.10,256,4,1636,0,0,26,0
sequential256,240,0.10,256,4,1636,0,0,26,0
sequential256,248,0.10,256,4,1636,0,0,26,0
sequential256,256,0.10,256,4,1636,0,0,26,0
sequential256,1,0.25,256,4,4096,1020,0.2490234375,1,1
sequential256,2,0.25,256,4,4096,1004,0.2451171875,2,1
sequential256,4,0.25,256,4,4096,972,0.2373046875,4,1
sequential256,8,0.25,256,4,4096,908,0.2216796875,8,1
sequential256,16,0.25,256,4,4096,780,0.1904296875,16,1
sequential256,32,0.25,256,4,4096,524,0.1279296875,32,1
sequential256,64,0.25,256,4,4096,12,0.0029296875,64,1
sequential256,96,0.25,256,4,4096,0,0,65,1
sequential256,128,0.25,256,4,4096,0,0,65,1
sequential256,144,0.25,256,4,4096,0,0,65,1
sequential256,160,0.25,256,4,4096,0,0,65,1
sequential256,192,0.25,256,4,4096,0,0,65,1
sequential256,224,0.25,256,4,4096,0,0,65,1
sequential256,240,0.25,256,4,4096,0,0,65,1
sequential256,248,0.25,256,4,4096,0,0,65,1
sequential256,256,0.25,256,4,4096,0,0,65,1
sequential256,1,0.50,256,4,8192,2044,0.24951171875,1,1
sequential256,2,0.50,256,4,8192,2028,0.24755859375,2,1
sequential256,4,0.50,256,4,8192,1996,0.24365234375,4,1
sequential256,8,0.50,256,4,8192,1932,0.23583984375,8,1
sequential256,16,0.50,256,4,8192,1804,0.22021484375,16,1
sequential256,32,0.50,256,4,8192,1548,0.18896484375,32,1
sequential256,64,0.50,256,4,8192,1036,0.12646484375,64,1
sequential256,96,0.50,256,4,8192,524,0.06396484375,96,1
sequential256,128,0.50,256,4,8192,12,0.00146484375,128,1
sequential256,144,0.50,256,4,8192,0,0,129,1
sequential256,160,0.50,256,4,8192,0,0,129,1
sequential256,192,0.50,256,4,8192,0,0,129,1
sequential256,224,0.50,256,4,8192,0,0,129,1
sequential256,240,0.50,256,4,8192,0,0,129,1
sequential256,248,0.50,256,4,8192,0,0,129,1
sequential256,256,0.50,256,4,8192,0,0,129,1
sequential256,1,0.75,256,4,12288,6140,0.499674479167,1,1
sequential256,2,0.75,256,4,12288,3064,0.249348958333,2,2
sequential256,4,0.75,256,4,12288,3032,0.246744791667,4,2
sequential256,8,0.75,256,4,12288,2968,0.241536458333,8,2
sequential256,16,0.75,256,4,12288,2840,0.231119791667,16,2
sequential256,32,0.75,256,4,12288,2584,0.210286458333,32,2
sequential256,64,0.75,256,4,12288,2072,0.168619791667,64,2
sequential256,96,0.75,256,4,12288,1560,0.126953125,96,2
sequential256,128,0.75,256,4,12288,1048,0.0852864583333,128,2
sequential256,144,0.75,256,4,12288,792,0.064453125,144,2
sequential256,160,0.75,256,4,12288,536,0.0436197916667,160,2
sequential256,192,0.75,256,4,12288,24,0.001953125,192,2
sequential256,224,0.75,256,4,12288,0,0,194,2
sequential256,240,0.75,256,4,12288,0,0,194,2
sequential256,248,0.75,256,4,12288,0,0,194,2
sequential256,256,0.75,256,4,12288,0,0,194,2
sequential256,1,1.00,256,4,16384,10224,0.6240234375,1,1
sequential256,2,1.00,256,4,16384,4064,0.248046875,2,2
sequential256,4,1.00,256,4,16384,4032,0.24609375,4,4
sequential256,8,1.00,256,4,16384,3968,0.2421875,8,8
sequential256,16,1.00,256,4,16384,3840,0.234375,16,16
sequential256,32,1.00,256,4,16384,3584,0.21875,32,32
sequential256,64,1.00,256,4,16384,3072,0.1875,64,64
sequential256,96,1.00,256,4,16384,2560,0.15625,96,96
sequential256,128,1.00,256,4,16384,2048,0.125,128,128
sequential256,144,1.00,256,4,16384,1792,0.109375,144,144
sequential256,160,1.00,256,4,16384,1536,0.09375,160,160
sequential256,192,1.00,256,4,16384,1024,0.0625,192,192
sequential256,224,1.00,256,4,16384,512,0.03125,224,224
sequential256,240,1.00,256,4,16384,256,0.015625,240,240
sequential256,248,1.00,256,4,16384,128,0.0078125,248,248
sequential256,256,1.00,256,4,16384,0,0,256,256
